[{"fields": {"model": "page", "app_label": "wagtailcore"}, "model": "contenttypes.contenttype", "pk": 1}, {"fields": {"model": "homepage", "app_label": "core"}, "model": "contenttypes.contenttype", "pk": 2}, {"fields": {"model": "image", "app_label": "wagtailimages"}, "model": "contenttypes.contenttype", "pk": 3}, {"fields": {"model": "admin", "app_label": "wagtailadmin"}, "model": "contenttypes.contenttype", "pk": 4}, {"fields": {"model": "document", "app_label": "wagtaildocs"}, "model": "contenttypes.contenttype", "pk": 5}, {"fields": {"model": "logentry", "app_label": "admin"}, "model": "contenttypes.contenttype", "pk": 6}, {"fields": {"model": "permission", "app_label": "auth"}, "model": "contenttypes.contenttype", "pk": 7}, {"fields": {"model": "group", "app_label": "auth"}, "model": "contenttypes.contenttype", "pk": 8}, {"fields": {"model": "user", "app_label": "auth"}, "model": "contenttypes.contenttype", "pk": 9}, {"fields": {"model": "contenttype", "app_label": "contenttypes"}, "model": "contenttypes.contenttype", "pk": 10}, {"fields": {"model": "session", "app_label": "sessions"}, "model": "contenttypes.contenttype", "pk": 11}, {"fields": {"model": "tag", "app_label": "taggit"}, "model": "contenttypes.contenttype", "pk": 12}, {"fields": {"model": "taggeditem", "app_label": "taggit"}, "model": "contenttypes.contenttype", "pk": 13}, {"fields": {"model": "site", "app_label": "wagtailcore"}, "model": "contenttypes.contenttype", "pk": 14}, {"fields": {"model": "pagerevision", "app_label": "wagtailcore"}, "model": "contenttypes.contenttype", "pk": 15}, {"fields": {"model": "grouppagepermission", "app_label": "wagtailcore"}, "model": "contenttypes.contenttype", "pk": 16}, {"fields": {"model": "pageviewrestriction", "app_label": "wagtailcore"}, "model": "contenttypes.contenttype", "pk": 17}, {"fields": {"model": "userprofile", "app_label": "wagtailusers"}, "model": "contenttypes.contenttype", "pk": 18}, {"fields": {"model": "filter", "app_label": "wagtailimages"}, "model": "contenttypes.contenttype", "pk": 19}, {"fields": {"model": "rendition", "app_label": "wagtailimages"}, "model": "contenttypes.contenttype", "pk": 20}, {"fields": {"model": "embed", "app_label": "wagtailembeds"}, "model": "contenttypes.contenttype", "pk": 21}, {"fields": {"model": "query", "app_label": "wagtailsearch"}, "model": "contenttypes.contenttype", "pk": 22}, {"fields": {"model": "querydailyhits", "app_label": "wagtailsearch"}, "model": "contenttypes.contenttype", "pk": 23}, {"fields": {"model": "redirect", "app_label": "wagtailredirects"}, "model": "contenttypes.contenttype", "pk": 24}, {"fields": {"model": "formsubmission", "app_label": "wagtailforms"}, "model": "contenttypes.contenttype", "pk": 25}, {"fields": {"model": "joinuspage", "app_label": "core"}, "model": "contenttypes.contenttype", "pk": 26}, {"fields": {"model": "textpage", "app_label": "core"}, "model": "contenttypes.contenttype", "pk": 27}, {"fields": {"model": "presspage", "app_label": "core"}, "model": "contenttypes.contenttype", "pk": 28}, {"fields": {"model": "presslink", "app_label": "core"}, "model": "contenttypes.contenttype", "pk": 29}, {"fields": {"model": "menuitem", "app_label": "core"}, "model": "contenttypes.contenttype", "pk": 30}, {"fields": {"model": "navigationmenu", "app_label": "core"}, "model": "contenttypes.contenttype", "pk": 31}, {"fields": {"model": "navigationmenuitem", "app_label": "core"}, "model": "contenttypes.contenttype", "pk": 32}, {"fields": {"model": "liqdsettings", "app_label": "core"}, "model": "contenttypes.contenttype", "pk": 33}, {"fields": {"model": "blogpage", "app_label": "blog"}, "model": "contenttypes.contenttype", "pk": 34}, {"fields": {"model": "blogindexpage", "app_label": "blog"}, "model": "contenttypes.contenttype", "pk": 35}, {"fields": {"model": "personpage", "app_label": "persons"}, "model": "contenttypes.contenttype", "pk": 36}, {"fields": {"model": "personindexpage", "app_label": "persons"}, "model": "contenttypes.contenttype", "pk": 37}, {"fields": {"model": "projectpage", "app_label": "projects"}, "model": "contenttypes.contenttype", "pk": 38}, {"fields": {"model": "projectindexpage", "app_label": "projects"}, "model": "contenttypes.contenttype", "pk": 39}, {"fields": {"expire_date": "2016-04-15T16:38:58.571Z", "session_data": "ZGQwZThiZTE3Y2NlYTBmNDc2ODIwMDIwZDgxYTc4NGVmNWIxYjk4Mjp7Il9hdXRoX3VzZXJfaGFzaCI6ImQzOGQwMDY4ZjViZjM3OTZmNGQzNzMyZmVmODA2MGE1NGYzYjZjNzgiLCJfYXV0aF91c2VyX2JhY2tlbmQiOiJkamFuZ28uY29udHJpYi5hdXRoLmJhY2tlbmRzLk1vZGVsQmFja2VuZCIsIl9hdXRoX3VzZXJfaWQiOiIxIn0="}, "model": "sessions.session", "pk": "qudyqzqoj4gzs5jlutwr3zq36uln55bh"}, {"fields": {"root_page": 3, "hostname": "localhost", "site_name": null, "port": 80, "is_default_site": true}, "model": "wagtailcore.site", "pk": 2}, {"fields": {"spec": "max-165x165"}, "model": "wagtailimages.filter", "pk": 1}, {"fields": {"spec": "fill-950x450-c100"}, "model": "wagtailimages.filter", "pk": 2}, {"fields": {"spec": "width-400"}, "model": "wagtailimages.filter", "pk": 3}, {"fields": {"spec": "original"}, "model": "wagtailimages.filter", "pk": 4}, {"fields": {"spec": "max-800x600"}, "model": "wagtailimages.filter", "pk": 5}, {"fields": {"spec": "fill-150x150"}, "model": "wagtailimages.filter", "pk": 6}, {"fields": {"spec": "width-450"}, "model": "wagtailimages.filter", "pk": 7}, {"fields": {"spec": "fill-800x600"}, "model": "wagtailimages.filter", "pk": 8}, {"fields": {"image": 1, "focal_point_key": "", "filter": 1, "width": 165, "file": "images/advocate_europe.max-165x165.png", "height": 101}, "model": "wagtailimages.rendition", "pk": 1}, {"fields": {"image": 1, "focal_point_key": "2e16d0ba", "filter": 2, "width": 748, "file": "images/advocate_europe.2e16d0ba.fill-950x450-c100.png", "height": 356}, "model": "wagtailimages.rendition", "pk": 2}, {"fields": {"image": 1, "focal_point_key": "", "filter": 3, "width": 400, "file": "images/advocate_europe.width-400.png", "height": 244}, "model": "wagtailimages.rendition", "pk": 3}, {"fields": {"image": 2, "focal_point_key": "", "filter": 1, "width": 165, "file": "images/mein_berlin.max-165x165.png", "height": 95}, "model": "wagtailimages.rendition", "pk": 4}, {"fields": {"image": 2, "focal_point_key": "2e16d0ba", "filter": 2, "width": 950, "file": "images/mein_berlin.2e16d0ba.fill-950x450-c100.png", "height": 450}, "model": "wagtailimages.rendition", "pk": 5}, {"fields": {"image": 3, "focal_point_key": "", "filter": 1, "width": 165, "file": "images/tempelhofer_feld.max-165x165.png", "height": 89}, "model": "wagtailimages.rendition", "pk": 6}, {"fields": {"image": 3, "focal_point_key": "2e16d0ba", "filter": 2, "width": 374, "file": "images/tempelhofer_feld.2e16d0ba.fill-950x450-c100.png", "height": 178}, "model": "wagtailimages.rendition", "pk": 7}, {"fields": {"image": 4, "focal_point_key": "", "filter": 1, "width": 165, "file": "images/digital_leben.max-165x165.png", "height": 95}, "model": "wagtailimages.rendition", "pk": 8}, {"fields": {"image": 4, "focal_point_key": "2e16d0ba", "filter": 2, "width": 950, "file": "images/digital_leben.2e16d0ba.fill-950x450-c100.png", "height": 450}, "model": "wagtailimages.rendition", "pk": 9}, {"fields": {"image": 4, "focal_point_key": "", "filter": 4, "width": 1070, "file": "images/digital_leben.original.png", "height": 620}, "model": "wagtailimages.rendition", "pk": 10}, {"fields": {"image": 4, "focal_point_key": "", "filter": 5, "width": 800, "file": "images/digital_leben.max-800x600.png", "height": 463}, "model": "wagtailimages.rendition", "pk": 11}, {"fields": {"image": 4, "focal_point_key": "536d2a9c", "filter": 2, "width": 950, "file": "images/digital_leben.536d2a9c.fill-950x450-c100.png", "height": 450}, "model": "wagtailimages.rendition", "pk": 12}, {"fields": {"image": 5, "focal_point_key": "", "filter": 1, "width": 165, "file": "images/policy_compass.max-165x165.jpg", "height": 101}, "model": "wagtailimages.rendition", "pk": 13}, {"fields": {"image": 5, "focal_point_key": "2e16d0ba", "filter": 2, "width": 374, "file": "images/policy_compass.2e16d0ba.fill-950x450-c100.jpg", "height": 179}, "model": "wagtailimages.rendition", "pk": 14}, {"fields": {"image": 6, "focal_point_key": "", "filter": 1, "width": 165, "file": "images/a2.max-165x165.jpg", "height": 95}, "model": "wagtailimages.rendition", "pk": 15}, {"fields": {"image": 6, "focal_point_key": "2e16d0ba", "filter": 2, "width": 950, "file": "images/a2.2e16d0ba.fill-950x450-c100.jpg", "height": 450}, "model": "wagtailimages.rendition", "pk": 16}, {"fields": {"image": 6, "focal_point_key": "", "filter": 3, "width": 400, "file": "images/a2.width-400.jpg", "height": 231}, "model": "wagtailimages.rendition", "pk": 17}, {"fields": {"image": 7, "focal_point_key": "", "filter": 1, "width": 165, "file": "images/forschen.max-165x165.png", "height": 109}, "model": "wagtailimages.rendition", "pk": 18}, {"fields": {"image": 8, "focal_point_key": "", "filter": 1, "width": 165, "file": "images/software.max-165x165.png", "height": 109}, "model": "wagtailimages.rendition", "pk": 19}, {"fields": {"image": 9, "focal_point_key": "", "filter": 1, "width": 165, "file": "images/platform.max-165x165.png", "height": 109}, "model": "wagtailimages.rendition", "pk": 20}, {"fields": {"image": 7, "focal_point_key": "2e16d0ba", "filter": 6, "width": 150, "file": "images/forschen.2e16d0ba.fill-150x150.png", "height": 150}, "model": "wagtailimages.rendition", "pk": 21}, {"fields": {"image": 8, "focal_point_key": "2e16d0ba", "filter": 6, "width": 150, "file": "images/software.2e16d0ba.fill-150x150.png", "height": 150}, "model": "wagtailimages.rendition", "pk": 22}, {"fields": {"image": 9, "focal_point_key": "2e16d0ba", "filter": 6, "width": 150, "file": "images/platform.2e16d0ba.fill-150x150.png", "height": 150}, "model": "wagtailimages.rendition", "pk": 23}, {"fields": {"image": 10, "focal_point_key": "", "filter": 1, "width": 165, "file": "images/Liqd_01.max-165x165.jpg", "height": 123}, "model": "wagtailimages.rendition", "pk": 24}, {"fields": {"image": 11, "focal_point_key": "", "filter": 1, "width": 165, "file": "images/Liqd_02.max-165x165.jpg", "height": 123}, "model": "wagtailimages.rendition", "pk": 25}, {"fields": {"image": 12, "focal_point_key": "", "filter": 1, "width": 165, "file": "images/Liqd_03.max-165x165.jpg", "height": 123}, "model": "wagtailimages.rendition", "pk": 26}, {"fields": {"image": 13, "focal_point_key": "", "filter": 1, "width": 165, "file": "images/Liqd_04.max-165x165.jpg", "height": 123}, "model": "wagtailimages.rendition", "pk": 27}, {"fields": {"image": 10, "focal_point_key": "", "filter": 7, "width": 450, "file": "images/Liqd_01.width-450.jpg", "height": 337}, "model": "wagtailimages.rendition", "pk": 28}, {"fields": {"image": 11, "focal_point_key": "", "filter": 7, "width": 450, "file": "images/Liqd_02.width-450.jpg", "height": 337}, "model": "wagtailimages.rendition", "pk": 29}, {"fields": {"image": 12, "focal_point_key": "", "filter": 7, "width": 450, "file": "images/Liqd_03.width-450.jpg", "height": 337}, "model": "wagtailimages.rendition", "pk": 30}, {"fields": {"image": 13, "focal_point_key": "", "filter": 7, "width": 450, "file": "images/Liqd_04.width-450.jpg", "height": 337}, "model": "wagtailimages.rendition", "pk": 31}, {"fields": {"image": 13, "focal_point_key": "2e16d0ba", "filter": 8, "width": 800, "file": "images/Liqd_04.2e16d0ba.fill-800x600.jpg", "height": 600}, "model": "wagtailimages.rendition", "pk": 32}, {"fields": {"image": 12, "focal_point_key": "2e16d0ba", "filter": 8, "width": 612, "file": "images/Liqd_03.2e16d0ba.fill-800x600.jpg", "height": 459}, "model": "wagtailimages.rendition", "pk": 33}, {"fields": {"menu_title_en": "Projects", "link_page": 4, "menu_title_de": "Projekte"}, "model": "core.menuitem", "pk": 1}, {"fields": {"menu_title_en": "About", "link_page": 11, "menu_title_de": "\u00dcber"}, "model": "core.menuitem", "pk": 2}, {"fields": {"menu_title_en": "Join Us", "link_page": 12, "menu_title_de": "Mitmachen"}, "model": "core.menuitem", "pk": 3}, {"fields": {"menu_title_en": "Blog", "link_page": 14, "menu_title_de": "Blog"}, "model": "core.menuitem", "pk": 4}, {"fields": {"menu_name": "mainmenu"}, "model": "core.navigationmenu", "pk": 1}, {"fields": {"sort_order": 0, "parent": 1}, "model": "core.navigationmenuitem", "pk": 1}, {"fields": {"sort_order": 1, "parent": 1}, "model": "core.navigationmenuitem", "pk": 2}, {"fields": {"sort_order": 2, "parent": 1}, "model": "core.navigationmenuitem", "pk": 3}, {"fields": {"sort_order": 3, "parent": 1}, "model": "core.navigationmenuitem", "pk": 4}, {"fields": {"liqd_preliminary_site": true, "site": 2}, "model": "core.liqdsettings", "pk": 1}, {"fields": {"codename": "add_image", "name": "Can add image", "content_type": 3}, "model": "auth.permission", "pk": 1}, {"fields": {"codename": "change_image", "name": "Can change image", "content_type": 3}, "model": "auth.permission", "pk": 2}, {"fields": {"codename": "delete_image", "name": "Can delete image", "content_type": 3}, "model": "auth.permission", "pk": 3}, {"fields": {"codename": "access_admin", "name": "Can access Wagtail admin", "content_type": 4}, "model": "auth.permission", "pk": 4}, {"fields": {"codename": "add_document", "name": "Can add document", "content_type": 5}, "model": "auth.permission", "pk": 5}, {"fields": {"codename": "change_document", "name": "Can change document", "content_type": 5}, "model": "auth.permission", "pk": 6}, {"fields": {"codename": "delete_document", "name": "Can delete document", "content_type": 5}, "model": "auth.permission", "pk": 7}, {"fields": {"codename": "add_logentry", "name": "Can add log entry", "content_type": 6}, "model": "auth.permission", "pk": 8}, {"fields": {"codename": "change_logentry", "name": "Can change log entry", "content_type": 6}, "model": "auth.permission", "pk": 9}, {"fields": {"codename": "delete_logentry", "name": "Can delete log entry", "content_type": 6}, "model": "auth.permission", "pk": 10}, {"fields": {"codename": "add_permission", "name": "Can add permission", "content_type": 7}, "model": "auth.permission", "pk": 11}, {"fields": {"codename": "change_permission", "name": "Can change permission", "content_type": 7}, "model": "auth.permission", "pk": 12}, {"fields": {"codename": "delete_permission", "name": "Can delete permission", "content_type": 7}, "model": "auth.permission", "pk": 13}, {"fields": {"codename": "add_group", "name": "Can add group", "content_type": 8}, "model": "auth.permission", "pk": 14}, {"fields": {"codename": "change_group", "name": "Can change group", "content_type": 8}, "model": "auth.permission", "pk": 15}, {"fields": {"codename": "delete_group", "name": "Can delete group", "content_type": 8}, "model": "auth.permission", "pk": 16}, {"fields": {"codename": "add_user", "name": "Can add user", "content_type": 9}, "model": "auth.permission", "pk": 17}, {"fields": {"codename": "change_user", "name": "Can change user", "content_type": 9}, "model": "auth.permission", "pk": 18}, {"fields": {"codename": "delete_user", "name": "Can delete user", "content_type": 9}, "model": "auth.permission", "pk": 19}, {"fields": {"codename": "add_contenttype", "name": "Can add content type", "content_type": 10}, "model": "auth.permission", "pk": 20}, {"fields": {"codename": "change_contenttype", "name": "Can change content type", "content_type": 10}, "model": "auth.permission", "pk": 21}, {"fields": {"codename": "delete_contenttype", "name": "Can delete content type", "content_type": 10}, "model": "auth.permission", "pk": 22}, {"fields": {"codename": "add_session", "name": "Can add session", "content_type": 11}, "model": "auth.permission", "pk": 23}, {"fields": {"codename": "change_session", "name": "Can change session", "content_type": 11}, "model": "auth.permission", "pk": 24}, {"fields": {"codename": "delete_session", "name": "Can delete session", "content_type": 11}, "model": "auth.permission", "pk": 25}, {"fields": {"codename": "add_tag", "name": "Can add Tag", "content_type": 12}, "model": "auth.permission", "pk": 26}, {"fields": {"codename": "change_tag", "name": "Can change Tag", "content_type": 12}, "model": "auth.permission", "pk": 27}, {"fields": {"codename": "delete_tag", "name": "Can delete Tag", "content_type": 12}, "model": "auth.permission", "pk": 28}, {"fields": {"codename": "add_taggeditem", "name": "Can add Tagged Item", "content_type": 13}, "model": "auth.permission", "pk": 29}, {"fields": {"codename": "change_taggeditem", "name": "Can change Tagged Item", "content_type": 13}, "model": "auth.permission", "pk": 30}, {"fields": {"codename": "delete_taggeditem", "name": "Can delete Tagged Item", "content_type": 13}, "model": "auth.permission", "pk": 31}, {"fields": {"codename": "add_site", "name": "Can add site", "content_type": 14}, "model": "auth.permission", "pk": 32}, {"fields": {"codename": "change_site", "name": "Can change site", "content_type": 14}, "model": "auth.permission", "pk": 33}, {"fields": {"codename": "delete_site", "name": "Can delete site", "content_type": 14}, "model": "auth.permission", "pk": 34}, {"fields": {"codename": "add_page", "name": "Can add page", "content_type": 1}, "model": "auth.permission", "pk": 35}, {"fields": {"codename": "change_page", "name": "Can change page", "content_type": 1}, "model": "auth.permission", "pk": 36}, {"fields": {"codename": "delete_page", "name": "Can delete page", "content_type": 1}, "model": "auth.permission", "pk": 37}, {"fields": {"codename": "add_pagerevision", "name": "Can add page revision", "content_type": 15}, "model": "auth.permission", "pk": 38}, {"fields": {"codename": "change_pagerevision", "name": "Can change page revision", "content_type": 15}, "model": "auth.permission", "pk": 39}, {"fields": {"codename": "delete_pagerevision", "name": "Can delete page revision", "content_type": 15}, "model": "auth.permission", "pk": 40}, {"fields": {"codename": "add_grouppagepermission", "name": "Can add group page permission", "content_type": 16}, "model": "auth.permission", "pk": 41}, {"fields": {"codename": "change_grouppagepermission", "name": "Can change group page permission", "content_type": 16}, "model": "auth.permission", "pk": 42}, {"fields": {"codename": "delete_grouppagepermission", "name": "Can delete group page permission", "content_type": 16}, "model": "auth.permission", "pk": 43}, {"fields": {"codename": "add_pageviewrestriction", "name": "Can add page view restriction", "content_type": 17}, "model": "auth.permission", "pk": 44}, {"fields": {"codename": "change_pageviewrestriction", "name": "Can change page view restriction", "content_type": 17}, "model": "auth.permission", "pk": 45}, {"fields": {"codename": "delete_pageviewrestriction", "name": "Can delete page view restriction", "content_type": 17}, "model": "auth.permission", "pk": 46}, {"fields": {"codename": "add_userprofile", "name": "Can add user profile", "content_type": 18}, "model": "auth.permission", "pk": 47}, {"fields": {"codename": "change_userprofile", "name": "Can change user profile", "content_type": 18}, "model": "auth.permission", "pk": 48}, {"fields": {"codename": "delete_userprofile", "name": "Can delete user profile", "content_type": 18}, "model": "auth.permission", "pk": 49}, {"fields": {"codename": "add_filter", "name": "Can add filter", "content_type": 19}, "model": "auth.permission", "pk": 50}, {"fields": {"codename": "change_filter", "name": "Can change filter", "content_type": 19}, "model": "auth.permission", "pk": 51}, {"fields": {"codename": "delete_filter", "name": "Can delete filter", "content_type": 19}, "model": "auth.permission", "pk": 52}, {"fields": {"codename": "add_rendition", "name": "Can add rendition", "content_type": 20}, "model": "auth.permission", "pk": 53}, {"fields": {"codename": "change_rendition", "name": "Can change rendition", "content_type": 20}, "model": "auth.permission", "pk": 54}, {"fields": {"codename": "delete_rendition", "name": "Can delete rendition", "content_type": 20}, "model": "auth.permission", "pk": 55}, {"fields": {"codename": "add_embed", "name": "Can add embed", "content_type": 21}, "model": "auth.permission", "pk": 56}, {"fields": {"codename": "change_embed", "name": "Can change embed", "content_type": 21}, "model": "auth.permission", "pk": 57}, {"fields": {"codename": "delete_embed", "name": "Can delete embed", "content_type": 21}, "model": "auth.permission", "pk": 58}, {"fields": {"codename": "add_query", "name": "Can add query", "content_type": 22}, "model": "auth.permission", "pk": 59}, {"fields": {"codename": "change_query", "name": "Can change query", "content_type": 22}, "model": "auth.permission", "pk": 60}, {"fields": {"codename": "delete_query", "name": "Can delete query", "content_type": 22}, "model": "auth.permission", "pk": 61}, {"fields": {"codename": "add_querydailyhits", "name": "Can add Query Daily Hits", "content_type": 23}, "model": "auth.permission", "pk": 62}, {"fields": {"codename": "change_querydailyhits", "name": "Can change Query Daily Hits", "content_type": 23}, "model": "auth.permission", "pk": 63}, {"fields": {"codename": "delete_querydailyhits", "name": "Can delete Query Daily Hits", "content_type": 23}, "model": "auth.permission", "pk": 64}, {"fields": {"codename": "add_redirect", "name": "Can add redirect", "content_type": 24}, "model": "auth.permission", "pk": 65}, {"fields": {"codename": "change_redirect", "name": "Can change redirect", "content_type": 24}, "model": "auth.permission", "pk": 66}, {"fields": {"codename": "delete_redirect", "name": "Can delete redirect", "content_type": 24}, "model": "auth.permission", "pk": 67}, {"fields": {"codename": "add_formsubmission", "name": "Can add form submission", "content_type": 25}, "model": "auth.permission", "pk": 68}, {"fields": {"codename": "change_formsubmission", "name": "Can change form submission", "content_type": 25}, "model": "auth.permission", "pk": 69}, {"fields": {"codename": "delete_formsubmission", "name": "Can delete form submission", "content_type": 25}, "model": "auth.permission", "pk": 70}, {"fields": {"codename": "add_joinuspage", "name": "Can add Default header and streamfield Page", "content_type": 26}, "model": "auth.permission", "pk": 71}, {"fields": {"codename": "change_joinuspage", "name": "Can change Default header and streamfield Page", "content_type": 26}, "model": "auth.permission", "pk": 72}, {"fields": {"codename": "delete_joinuspage", "name": "Can delete Default header and streamfield Page", "content_type": 26}, "model": "auth.permission", "pk": 73}, {"fields": {"codename": "add_homepage", "name": "Can add Extended Page", "content_type": 2}, "model": "auth.permission", "pk": 74}, {"fields": {"codename": "change_homepage", "name": "Can change Extended Page", "content_type": 2}, "model": "auth.permission", "pk": 75}, {"fields": {"codename": "delete_homepage", "name": "Can delete Extended Page", "content_type": 2}, "model": "auth.permission", "pk": 76}, {"fields": {"codename": "add_textpage", "name": "Can add text page", "content_type": 27}, "model": "auth.permission", "pk": 77}, {"fields": {"codename": "change_textpage", "name": "Can change text page", "content_type": 27}, "model": "auth.permission", "pk": 78}, {"fields": {"codename": "delete_textpage", "name": "Can delete text page", "content_type": 27}, "model": "auth.permission", "pk": 79}, {"fields": {"codename": "add_presspage", "name": "Can add press page", "content_type": 28}, "model": "auth.permission", "pk": 80}, {"fields": {"codename": "change_presspage", "name": "Can change press page", "content_type": 28}, "model": "auth.permission", "pk": 81}, {"fields": {"codename": "delete_presspage", "name": "Can delete press page", "content_type": 28}, "model": "auth.permission", "pk": 82}, {"fields": {"codename": "add_presslink", "name": "Can add press link", "content_type": 29}, "model": "auth.permission", "pk": 83}, {"fields": {"codename": "change_presslink", "name": "Can change press link", "content_type": 29}, "model": "auth.permission", "pk": 84}, {"fields": {"codename": "delete_presslink", "name": "Can delete press link", "content_type": 29}, "model": "auth.permission", "pk": 85}, {"fields": {"codename": "add_menuitem", "name": "Can add menu item", "content_type": 30}, "model": "auth.permission", "pk": 86}, {"fields": {"codename": "change_menuitem", "name": "Can change menu item", "content_type": 30}, "model": "auth.permission", "pk": 87}, {"fields": {"codename": "delete_menuitem", "name": "Can delete menu item", "content_type": 30}, "model": "auth.permission", "pk": 88}, {"fields": {"codename": "add_navigationmenu", "name": "Can add navigation menu", "content_type": 31}, "model": "auth.permission", "pk": 89}, {"fields": {"codename": "change_navigationmenu", "name": "Can change navigation menu", "content_type": 31}, "model": "auth.permission", "pk": 90}, {"fields": {"codename": "delete_navigationmenu", "name": "Can delete navigation menu", "content_type": 31}, "model": "auth.permission", "pk": 91}, {"fields": {"codename": "add_navigationmenuitem", "name": "Can add navigation menu item", "content_type": 32}, "model": "auth.permission", "pk": 92}, {"fields": {"codename": "change_navigationmenuitem", "name": "Can change navigation menu item", "content_type": 32}, "model": "auth.permission", "pk": 93}, {"fields": {"codename": "delete_navigationmenuitem", "name": "Can delete navigation menu item", "content_type": 32}, "model": "auth.permission", "pk": 94}, {"fields": {"codename": "add_liqdsettings", "name": "Can add liqd settings", "content_type": 33}, "model": "auth.permission", "pk": 95}, {"fields": {"codename": "change_liqdsettings", "name": "Can change liqd settings", "content_type": 33}, "model": "auth.permission", "pk": 96}, {"fields": {"codename": "delete_liqdsettings", "name": "Can delete liqd settings", "content_type": 33}, "model": "auth.permission", "pk": 97}, {"fields": {"codename": "add_blogpage", "name": "Can add Blog Entry", "content_type": 34}, "model": "auth.permission", "pk": 98}, {"fields": {"codename": "change_blogpage", "name": "Can change Blog Entry", "content_type": 34}, "model": "auth.permission", "pk": 99}, {"fields": {"codename": "delete_blogpage", "name": "Can delete Blog Entry", "content_type": 34}, "model": "auth.permission", "pk": 100}, {"fields": {"codename": "add_blogindexpage", "name": "Can add Blog Index Page", "content_type": 35}, "model": "auth.permission", "pk": 101}, {"fields": {"codename": "change_blogindexpage", "name": "Can change Blog Index Page", "content_type": 35}, "model": "auth.permission", "pk": 102}, {"fields": {"codename": "delete_blogindexpage", "name": "Can delete Blog Index Page", "content_type": 35}, "model": "auth.permission", "pk": 103}, {"fields": {"codename": "add_personpage", "name": "Can add person page", "content_type": 36}, "model": "auth.permission", "pk": 104}, {"fields": {"codename": "change_personpage", "name": "Can change person page", "content_type": 36}, "model": "auth.permission", "pk": 105}, {"fields": {"codename": "delete_personpage", "name": "Can delete person page", "content_type": 36}, "model": "auth.permission", "pk": 106}, {"fields": {"codename": "add_personindexpage", "name": "Can add person index page", "content_type": 37}, "model": "auth.permission", "pk": 107}, {"fields": {"codename": "change_personindexpage", "name": "Can change person index page", "content_type": 37}, "model": "auth.permission", "pk": 108}, {"fields": {"codename": "delete_personindexpage", "name": "Can delete person index page", "content_type": 37}, "model": "auth.permission", "pk": 109}, {"fields": {"codename": "add_projectpage", "name": "Can add Project", "content_type": 38}, "model": "auth.permission", "pk": 110}, {"fields": {"codename": "change_projectpage", "name": "Can change Project", "content_type": 38}, "model": "auth.permission", "pk": 111}, {"fields": {"codename": "delete_projectpage", "name": "Can delete Project", "content_type": 38}, "model": "auth.permission", "pk": 112}, {"fields": {"codename": "add_projectindexpage", "name": "Can add ProjectIndexPage", "content_type": 39}, "model": "auth.permission", "pk": 113}, {"fields": {"codename": "change_projectindexpage", "name": "Can change ProjectIndexPage", "content_type": 39}, "model": "auth.permission", "pk": 114}, {"fields": {"codename": "delete_projectindexpage", "name": "Can delete ProjectIndexPage", "content_type": 39}, "model": "auth.permission", "pk": 115}, {"fields": {"name": "Moderators", "permissions": [4, 5, 6, 7, 1, 2, 3]}, "model": "auth.group", "pk": 1}, {"fields": {"name": "Editors", "permissions": [4, 5, 6, 7, 1, 2, 3]}, "model": "auth.group", "pk": 2}, {"fields": {"username": "admin", "first_name": "", "last_name": "", "is_active": true, "is_superuser": true, "is_staff": true, "last_login": "2016-04-01T16:38:58.568Z", "groups": [], "user_permissions": [], "password": "pbkdf2_sha256$20000$jOCOxSQbiUz4$bqHWY2qo9LUrf//fRszAo6xI4ihZGa48m1BtpoPXvmE=", "email": "", "date_joined": "2016-04-01T16:38:34.496Z"}, "model": "auth.user", "pk": 1}, {"fields": {"locked": false, "title": "Root", "numchild": 1, "show_in_menus": false, "live": true, "seo_title": "", "latest_revision_created_at": null, "depth": 1, "search_description": "", "content_type": 1, "has_unpublished_changes": false, "owner": null, "path": "0001", "first_published_at": null, "url_path": "/", "expired": false, "slug": "root", "expire_at": null, "go_live_at": null}, "model": "wagtailcore.page", "pk": 1}, {"fields": {"locked": false, "title": "Homepage", "numchild": 5, "show_in_menus": false, "live": true, "seo_title": "", "latest_revision_created_at": "2016-04-01T17:25:14.218Z", "depth": 2, "search_description": "", "content_type": 2, "has_unpublished_changes": false, "owner": null, "path": "00010001", "first_published_at": "2016-04-01T16:46:20.014Z", "url_path": "/home/", "expired": false, "slug": "home", "expire_at": null, "go_live_at": null}, "model": "wagtailcore.page", "pk": 3}, {"fields": {"locked": false, "title": "Projects", "numchild": 6, "show_in_menus": false, "live": true, "seo_title": "", "latest_revision_created_at": "2016-04-01T16:49:04.990Z", "depth": 3, "search_description": "", "content_type": 39, "has_unpublished_changes": false, "owner": 1, "path": "000100010001", "first_published_at": "2016-04-01T16:49:05.000Z", "url_path": "/home/projects/", "expired": false, "slug": "projects", "expire_at": null, "go_live_at": null}, "model": "wagtailcore.page", "pk": 4}, {"fields": {"locked": false, "title": "Advocate Europe", "numchild": 0, "show_in_menus": false, "live": true, "seo_title": "", "latest_revision_created_at": "2016-04-01T16:52:50.480Z", "depth": 4, "search_description": "", "content_type": 38, "has_unpublished_changes": false, "owner": 1, "path": "0001000100010001", "first_published_at": "2016-04-01T16:51:56.255Z", "url_path": "/home/projects/advocate-europe/", "expired": false, "slug": "advocate-europe", "expire_at": null, "go_live_at": null}, "model": "wagtailcore.page", "pk": 5}, {"fields": {"locked": false, "title": "meinBerlin", "numchild": 0, "show_in_menus": false, "live": true, "seo_title": "", "latest_revision_created_at": "2016-04-01T16:55:21.289Z", "depth": 4, "search_description": "", "content_type": 38, "has_unpublished_changes": false, "owner": 1, "path": "0001000100010002", "first_published_at": "2016-04-01T16:54:50.277Z", "url_path": "/home/projects/meinberlin/", "expired": false, "slug": "meinberlin", "expire_at": null, "go_live_at": null}, "model": "wagtailcore.page", "pk": 6}, {"fields": {"locked": false, "title": "Tempelhofer Feld", "numchild": 0, "show_in_menus": false, "live": true, "seo_title": "", "latest_revision_created_at": "2016-04-01T16:57:50.068Z", "depth": 4, "search_description": "", "content_type": 38, "has_unpublished_changes": false, "owner": 1, "path": "0001000100010003", "first_published_at": "2016-04-01T16:57:50.079Z", "url_path": "/home/projects/tempelhofer-feld/", "expired": false, "slug": "tempelhofer-feld", "expire_at": null, "go_live_at": null}, "model": "wagtailcore.page", "pk": 7}, {"fields": {"locked": false, "title": "Digital Leben", "numchild": 0, "show_in_menus": false, "live": true, "seo_title": "", "latest_revision_created_at": "2016-04-01T17:00:15.811Z", "depth": 4, "search_description": "", "content_type": 38, "has_unpublished_changes": false, "owner": 1, "path": "0001000100010004", "first_published_at": "2016-04-01T16:59:50.335Z", "url_path": "/home/projects/digital-leben/", "expired": false, "slug": "digital-leben", "expire_at": null, "go_live_at": null}, "model": "wagtailcore.page", "pk": 8}, {"fields": {"locked": false, "title": "Policy Compass", "numchild": 0, "show_in_menus": false, "live": true, "seo_title": "", "latest_revision_created_at": "2016-04-01T17:02:47.767Z", "depth": 4, "search_description": "", "content_type": 38, "has_unpublished_changes": false, "owner": 1, "path": "0001000100010005", "first_published_at": "2016-04-01T17:02:47.779Z", "url_path": "/home/projects/policy-compass/", "expired": false, "slug": "policy-compass", "expire_at": null, "go_live_at": null}, "model": "wagtailcore.page", "pk": 9}, {"fields": {"locked": false, "title": "Adhocracy", "numchild": 0, "show_in_menus": false, "live": true, "seo_title": "", "latest_revision_created_at": "2016-04-01T17:05:40.167Z", "depth": 4, "search_description": "", "content_type": 38, "has_unpublished_changes": false, "owner": 1, "path": "0001000100010006", "first_published_at": "2016-04-01T17:04:57.597Z", "url_path": "/home/projects/adhocracy/", "expired": false, "slug": "adhocracy", "expire_at": null, "go_live_at": null}, "model": "wagtailcore.page", "pk": 10}, {"fields": {"locked": false, "title": "About", "numchild": 0, "show_in_menus": false, "live": true, "seo_title": "", "latest_revision_created_at": "2016-04-01T17:12:04.818Z", "depth": 3, "search_description": "", "content_type": 26, "has_unpublished_changes": false, "owner": 1, "path": "000100010002", "first_published_at": "2016-04-01T17:07:09.840Z", "url_path": "/home/about/", "expired": false, "slug": "about", "expire_at": null, "go_live_at": null}, "model": "wagtailcore.page", "pk": 11}, {"fields": {"locked": false, "title": "Join Us", "numchild": 0, "show_in_menus": false, "live": true, "seo_title": "", "latest_revision_created_at": "2016-04-01T17:22:23.232Z", "depth": 3, "search_description": "", "content_type": 26, "has_unpublished_changes": false, "owner": 1, "path": "000100010003", "first_published_at": "2016-04-01T17:13:20.495Z", "url_path": "/home/join-us/", "expired": false, "slug": "join-us", "expire_at": null, "go_live_at": null}, "model": "wagtailcore.page", "pk": 12}, {"fields": {"locked": false, "title": "Student Job", "numchild": 0, "show_in_menus": false, "live": true, "seo_title": "", "latest_revision_created_at": "2016-04-01T17:21:17.401Z", "depth": 3, "search_description": "", "content_type": 27, "has_unpublished_changes": false, "owner": 1, "path": "000100010004", "first_published_at": "2016-04-01T17:21:17.411Z", "url_path": "/home/student-job/", "expired": false, "slug": "student-job", "expire_at": null, "go_live_at": null}, "model": "wagtailcore.page", "pk": 13}, {"fields": {"locked": false, "title": "Blog", "numchild": 2, "show_in_menus": false, "live": true, "seo_title": "", "latest_revision_created_at": "2016-04-01T17:27:26.183Z", "depth": 3, "search_description": "", "content_type": 35, "has_unpublished_changes": false, "owner": 1, "path": "000100010005", "first_published_at": "2016-04-01T17:27:26.194Z", "url_path": "/home/blog/", "expired": false, "slug": "blog", "expire_at": null, "go_live_at": null}, "model": "wagtailcore.page", "pk": 14}, {"fields": {"locked": false, "title": "We moved", "numchild": 0, "show_in_menus": false, "live": true, "seo_title": "", "latest_revision_created_at": "2016-04-01T17:35:33.176Z", "depth": 4, "search_description": "", "content_type": 34, "has_unpublished_changes": false, "owner": 1, "path": "0001000100050001", "first_published_at": "2016-04-01T17:30:08.087Z", "url_path": "/home/blog/we-moved/", "expired": false, "slug": "we-moved", "expire_at": null, "go_live_at": null}, "model": "wagtailcore.page", "pk": 15}, {"fields": {"locked": false, "title": "We moved 2", "numchild": 0, "show_in_menus": false, "live": true, "seo_title": "", "latest_revision_created_at": "2016-04-01T17:43:25.003Z", "depth": 4, "search_description": "", "content_type": 34, "has_unpublished_changes": false, "owner": 1, "path": "0001000100050002", "first_published_at": "2016-04-01T17:30:08.087Z", "url_path": "/home/blog/we-moved-2/", "expired": false, "slug": "we-moved-2", "expire_at": null, "go_live_at": null}, "model": "wagtailcore.page", "pk": 16}, {"fields": {"approved_go_live_at": null, "created_at": "2016-04-01T16:46:20.004Z", "submitted_for_moderation": false, "content_json": "{\"title_de\": \"\", \"heading1_en\": \"Hi, we are\", \"search_description\": \"\", \"owner\": null, \"latest_revision_created_at\": null, \"go_live_at\": null, \"title\": \"Homepage\", \"heading2_en\": \"Liquid Democracy\", \"seo_title\": \"\", \"slug\": \"home\", \"intro_en\": \"<p>Lorem ipsum dolor sit amet, consectetur adipiscing elit. Phasellus quis lectus metus, at posuere neque. Sed pharetra nibh eget orci convallis at posuere leo convallis. Sed blandit augue vitae augue scelerisque bibendum. Vivamus sit amet libero turpis, non venenatis urna. In blandit, odio convallis suscipit venenatis, ante ipsum cursus augue.</p>\", \"live\": true, \"has_unpublished_changes\": false, \"body_en\": \"[]\", \"heading1_de\": \"\", \"numchild\": 0, \"title_en\": \"title\", \"content_type\": 2, \"show_in_menus\": false, \"path\": \"00010001\", \"url_path\": \"/home/\", \"expired\": false, \"pk\": 3, \"heading2_de\": \"\", \"locked\": false, \"depth\": 2, \"intro_de\": \"\", \"body_de\": \"[]\", \"first_published_at\": null, \"expire_at\": null}", "user": 1, "page": 3}, "model": "wagtailcore.pagerevision", "pk": 1}, {"fields": {"approved_go_live_at": null, "created_at": "2016-04-01T16:49:04.990Z", "submitted_for_moderation": false, "content_json": "{\"title_de\": \"\", \"search_description\": \"\", \"owner\": 1, \"latest_revision_created_at\": null, \"go_live_at\": null, \"title\": \"Projects\", \"seo_title\": \"\", \"slug\": \"projects\", \"intro_en\": \"<p>A small selection of recent projects<br/></p>\", \"live\": true, \"has_unpublished_changes\": false, \"body_en\": \"[]\", \"numchild\": 0, \"title_en\": \"Here's what we have done so far.\", \"content_type\": 39, \"show_in_menus\": false, \"path\": \"000100010001\", \"url_path\": \"/home/projects/\", \"expired\": false, \"pk\": 4, \"locked\": false, \"depth\": 3, \"intro_de\": \"\", \"body_de\": \"[]\", \"first_published_at\": null, \"expire_at\": null}", "user": 1, "page": 4}, "model": "wagtailcore.pagerevision", "pk": 2}, {"fields": {"approved_go_live_at": null, "created_at": "2016-04-01T16:51:56.240Z", "submitted_for_moderation": false, "content_json": "{\"title_de\": \"\", \"image\": 1, \"search_description\": \"\", \"owner\": 1, \"latest_revision_created_at\": null, \"subtitle_en\": \"Ideas for Europe\", \"go_live_at\": null, \"title\": \"Advocate Europe\", \"seo_title\": \"\", \"slug\": \"advocate-europe\", \"live\": true, \"has_unpublished_changes\": false, \"shorttext_de\": \"\", \"body_en\": \"[]\", \"numchild\": 0, \"title_en\": \"Advocate Europe\", \"subtitle_de\": \"\", \"content_type\": 38, \"show_in_menus\": false, \"path\": \"0001000100010001\", \"url_path\": \"/home/projects/advocate-europe/\", \"expired\": false, \"pk\": 5, \"locked\": false, \"depth\": 4, \"body_de\": \"[]\", \"shorttext_en\": \"<p><a href=\\\"https://advocate-europe.eu/en\\\">We have implemented the Europe-wide idea challenge\\u00a0</a><a href=\\\"https://advocate-europe.eu/en\\\">Advocate Europe</a>\\u00a0in cooperation with Stiftung Mercator.</p>\", \"first_published_at\": null, \"expire_at\": null, \"external_url\": \"https://advocate-europe.eu/en\"}", "user": 1, "page": 5}, "model": "wagtailcore.pagerevision", "pk": 3}, {"fields": {"approved_go_live_at": null, "created_at": "2016-04-01T16:52:50.480Z", "submitted_for_moderation": false, "content_json": "{\"title_de\": \"\", \"image\": 1, \"search_description\": \"\", \"owner\": 1, \"latest_revision_created_at\": \"2016-04-01T16:51:56.240Z\", \"subtitle_en\": \"Ideas for Europe\", \"go_live_at\": null, \"title\": \"Advocate Europe\", \"seo_title\": \"\", \"slug\": \"advocate-europe\", \"live\": true, \"has_unpublished_changes\": false, \"shorttext_de\": \"\", \"body_en\": \"[]\", \"numchild\": 0, \"title_en\": \"Advocate Europe\", \"subtitle_de\": \"\", \"content_type\": 38, \"show_in_menus\": false, \"path\": \"0001000100010001\", \"url_path\": \"/home/projects/advocate-europe/\", \"expired\": false, \"pk\": 5, \"locked\": false, \"depth\": 4, \"body_de\": \"[]\", \"shorttext_en\": \"<p>We have implemented the Europe-wide idea challenge Advocate Europe in cooperation with Stiftung Mercator.<br/></p>\", \"first_published_at\": \"2016-04-01T16:51:56.255Z\", \"expire_at\": null, \"external_url\": \"https://advocate-europe.eu/en\"}", "user": 1, "page": 5}, "model": "wagtailcore.pagerevision", "pk": 4}, {"fields": {"approved_go_live_at": null, "created_at": "2016-04-01T16:54:50.265Z", "submitted_for_moderation": false, "content_json": "{\"title_de\": \"\", \"image\": 2, \"search_description\": \"\", \"owner\": 1, \"latest_revision_created_at\": null, \"subtitle_en\": \"Online-Partizipation for Berlin\", \"go_live_at\": null, \"title\": \"meinBerlin\", \"seo_title\": \"\", \"slug\": \"meinberlin\", \"live\": true, \"has_unpublished_changes\": false, \"shorttext_de\": \"\", \"body_en\": \"[]\", \"numchild\": 0, \"title_en\": \"meinBerlin\", \"subtitle_de\": \"\", \"content_type\": 38, \"show_in_menus\": false, \"path\": \"0001000100010002\", \"url_path\": \"/home/projects/meinberlin/\", \"expired\": false, \"pk\": 6, \"locked\": false, \"depth\": 4, \"body_de\": \"[]\", \"shorttext_en\": \"<p>We are building the platform meinBerlin where the citizens of Berlin can participate in decision-making in their city.</p>\", \"first_published_at\": null, \"expire_at\": null, \"external_url\": \"\"}", "user": 1, "page": 6}, "model": "wagtailcore.pagerevision", "pk": 5}, {"fields": {"approved_go_live_at": null, "created_at": "2016-04-01T16:55:21.289Z", "submitted_for_moderation": false, "content_json": "{\"title_de\": \"\", \"image\": 2, \"search_description\": \"\", \"owner\": 1, \"latest_revision_created_at\": \"2016-04-01T16:54:50.265Z\", \"subtitle_en\": \"Online-Partizipation for Berlin\", \"go_live_at\": null, \"title\": \"meinBerlin\", \"seo_title\": \"\", \"slug\": \"meinberlin\", \"live\": true, \"has_unpublished_changes\": false, \"shorttext_de\": \"\", \"body_en\": \"[]\", \"numchild\": 0, \"title_en\": \"meinBerlin\", \"subtitle_de\": \"\", \"content_type\": 38, \"show_in_menus\": false, \"path\": \"0001000100010002\", \"url_path\": \"/home/projects/meinberlin/\", \"expired\": false, \"pk\": 6, \"locked\": false, \"depth\": 4, \"body_de\": \"[]\", \"shorttext_en\": \"<p>We are building the platform meinBerlin where the citizens of Berlin can participate in decision-making in their city.</p>\", \"first_published_at\": \"2016-04-01T16:54:50.277Z\", \"expire_at\": null, \"external_url\": \"https://mein.berlin.de/\"}", "user": 1, "page": 6}, "model": "wagtailcore.pagerevision", "pk": 6}, {"fields": {"approved_go_live_at": null, "created_at": "2016-04-01T16:57:50.068Z", "submitted_for_moderation": false, "content_json": "{\"title_de\": \"\", \"image\": 3, \"search_description\": \"\", \"owner\": 1, \"latest_revision_created_at\": null, \"subtitle_en\": \"Ideas for the Tempelhofer Feld\", \"go_live_at\": null, \"title\": \"Tempelhofer Feld\", \"seo_title\": \"\", \"slug\": \"tempelhofer-feld\", \"live\": true, \"has_unpublished_changes\": false, \"shorttext_de\": \"\", \"body_en\": \"[]\", \"numchild\": 0, \"title_en\": \"Online Participation Tempelhofer Feld\", \"subtitle_de\": \"\", \"content_type\": 38, \"show_in_menus\": false, \"path\": \"0001000100010003\", \"url_path\": \"/home/projects/tempelhofer-feld/\", \"expired\": false, \"pk\": 7, \"locked\": false, \"depth\": 4, \"body_de\": \"[]\", \"shorttext_en\": \"<p>We have built a discussion platform to help decide about the future of Tempelhofer Feld.<br/></p>\", \"first_published_at\": null, \"expire_at\": null, \"external_url\": \"https://tempelhofer-feld.berlin.de/\"}", "user": 1, "page": 7}, "model": "wagtailcore.pagerevision", "pk": 7}, {"fields": {"approved_go_live_at": null, "created_at": "2016-04-01T16:59:50.324Z", "submitted_for_moderation": false, "content_json": "{\"title_de\": \"\", \"image\": 4, \"search_description\": \"\", \"owner\": 1, \"latest_revision_created_at\": null, \"subtitle_en\": \"Online Participation for the SPD\", \"go_live_at\": null, \"title\": \"Digital Leben\", \"seo_title\": \"\", \"slug\": \"digital-leben\", \"live\": true, \"has_unpublished_changes\": false, \"shorttext_de\": \"\", \"body_en\": \"[]\", \"numchild\": 0, \"title_en\": \"Digital Leben\", \"subtitle_de\": \"\", \"content_type\": 38, \"show_in_menus\": false, \"path\": \"0001000100010004\", \"url_path\": \"/home/projects/digital-leben/\", \"expired\": false, \"pk\": 8, \"locked\": false, \"depth\": 4, \"body_de\": \"[]\", \"shorttext_en\": \"<p>We enable collaborative editing of SPD's digital agenda.</p>\", \"first_published_at\": null, \"expire_at\": null, \"external_url\": \"\"}", "user": 1, "page": 8}, "model": "wagtailcore.pagerevision", "pk": 8}, {"fields": {"approved_go_live_at": null, "created_at": "2016-04-01T17:00:15.811Z", "submitted_for_moderation": false, "content_json": "{\"title_de\": \"\", \"image\": 4, \"search_description\": \"\", \"owner\": 1, \"latest_revision_created_at\": \"2016-04-01T16:59:50.324Z\", \"subtitle_en\": \"Online Participation for the SPD\", \"go_live_at\": null, \"title\": \"Digital Leben\", \"seo_title\": \"\", \"slug\": \"digital-leben\", \"live\": true, \"has_unpublished_changes\": false, \"shorttext_de\": \"\", \"body_en\": \"[]\", \"numchild\": 0, \"title_en\": \"Digital Leben\", \"subtitle_de\": \"\", \"content_type\": 38, \"show_in_menus\": false, \"path\": \"0001000100010004\", \"url_path\": \"/home/projects/digital-leben/\", \"expired\": false, \"pk\": 8, \"locked\": false, \"depth\": 4, \"body_de\": \"[]\", \"shorttext_en\": \"<p>We enable collaborative editing of SPD's digital agenda.</p>\", \"first_published_at\": \"2016-04-01T16:59:50.335Z\", \"expire_at\": null, \"external_url\": \"http://digitalleben.spd.de/\"}", "user": 1, "page": 8}, "model": "wagtailcore.pagerevision", "pk": 9}, {"fields": {"approved_go_live_at": null, "created_at": "2016-04-01T17:02:47.767Z", "submitted_for_moderation": false, "content_json": "{\"title_de\": \"\", \"image\": 5, \"search_description\": \"\", \"owner\": 1, \"latest_revision_created_at\": null, \"subtitle_en\": \"Policy Compass\", \"go_live_at\": null, \"title\": \"Policy Compass\", \"seo_title\": \"\", \"slug\": \"policy-compass\", \"live\": true, \"has_unpublished_changes\": false, \"shorttext_de\": \"\", \"body_en\": \"[]\", \"numchild\": 0, \"title_en\": \"Policy Compass\", \"subtitle_de\": \"\", \"content_type\": 38, \"show_in_menus\": false, \"path\": \"0001000100010005\", \"url_path\": \"/home/projects/policy-compass/\", \"expired\": false, \"pk\": 9, \"locked\": false, \"depth\": 4, \"body_de\": \"[]\", \"shorttext_en\": \"<p>Policy Compass</p>\", \"first_published_at\": null, \"expire_at\": null, \"external_url\": \"http://policycompass.eu/\"}", "user": 1, "page": 9}, "model": "wagtailcore.pagerevision", "pk": 10}, {"fields": {"approved_go_live_at": null, "created_at": "2016-04-01T17:04:57.584Z", "submitted_for_moderation": false, "content_json": "{\"title_de\": \"\", \"image\": null, \"search_description\": \"\", \"owner\": 1, \"latest_revision_created_at\": null, \"subtitle_en\": \"Some projects we did in the past\", \"go_live_at\": null, \"title\": \"Adhocracy\", \"seo_title\": \"\", \"slug\": \"adhocracy\", \"live\": true, \"has_unpublished_changes\": false, \"shorttext_de\": \"\", \"body_en\": \"[]\", \"numchild\": 0, \"title_en\": \"Adhocracy\", \"subtitle_de\": \"\", \"content_type\": 38, \"show_in_menus\": false, \"path\": \"0001000100010006\", \"url_path\": \"/home/projects/adhocracy/\", \"expired\": false, \"pk\": 10, \"locked\": false, \"depth\": 4, \"body_de\": \"[]\", \"shorttext_en\": \"<p>Lorem ipsum dolor sit amet, consectetur adipiscing elit. Phasellus quis lectus metus, at posuere neque. Sed pharetra nibh eget orci convallis at posuere leo convallis.\\u00a0</p>\", \"first_published_at\": null, \"expire_at\": null, \"external_url\": \"\"}", "user": 1, "page": 10}, "model": "wagtailcore.pagerevision", "pk": 11}, {"fields": {"approved_go_live_at": null, "created_at": "2016-04-01T17:05:40.167Z", "submitted_for_moderation": false, "content_json": "{\"title_de\": \"\", \"image\": 6, \"search_description\": \"\", \"owner\": 1, \"latest_revision_created_at\": \"2016-04-01T17:04:57.584Z\", \"subtitle_en\": \"Some projects we did in the past\", \"go_live_at\": null, \"title\": \"Adhocracy\", \"seo_title\": \"\", \"slug\": \"adhocracy\", \"live\": true, \"has_unpublished_changes\": false, \"shorttext_de\": \"\", \"body_en\": \"[]\", \"numchild\": 0, \"title_en\": \"Adhocracy\", \"subtitle_de\": \"\", \"content_type\": 38, \"show_in_menus\": false, \"path\": \"0001000100010006\", \"url_path\": \"/home/projects/adhocracy/\", \"expired\": false, \"pk\": 10, \"locked\": false, \"depth\": 4, \"body_de\": \"[]\", \"shorttext_en\": \"<p>Lorem ipsum dolor sit amet, consectetur adipiscing elit. Phasellus quis lectus metus, at posuere neque. Sed pharetra nibh eget orci convallis at posuere leo convallis.\\u00a0</p>\", \"first_published_at\": \"2016-04-01T17:04:57.597Z\", \"expire_at\": null, \"external_url\": \"https://adhocracy.de/instance?instances_facet=instancebadge%3A568\"}", "user": 1, "page": 10}, "model": "wagtailcore.pagerevision", "pk": 12}, {"fields": {"approved_go_live_at": null, "created_at": "2016-04-01T17:07:09.829Z", "submitted_for_moderation": false, "content_json": "{\"title_de\": \"\", \"search_description\": \"\", \"owner\": 1, \"latest_revision_created_at\": null, \"go_live_at\": null, \"title\": \"About\", \"seo_title\": \"\", \"slug\": \"about\", \"intro_en\": \"<p>Democratic decision-making can be improved in many different fields of society. Our mission is to promote the advantages of online participation in all kinds of contexts, from international organisations to small local initiatives.</p>\", \"live\": true, \"has_unpublished_changes\": false, \"body_en\": \"[]\", \"numchild\": 0, \"title_en\": \"We innovate democracy by developing digital tools for citizen participation.\", \"content_type\": 26, \"show_in_menus\": false, \"path\": \"000100010002\", \"url_path\": \"/home/about/\", \"expired\": false, \"pk\": 11, \"locked\": false, \"depth\": 3, \"intro_de\": \"\", \"body_de\": \"[]\", \"first_published_at\": null, \"expire_at\": null}", "user": 1, "page": 11}, "model": "wagtailcore.pagerevision", "pk": 13}, {"fields": {"approved_go_live_at": null, "created_at": "2016-04-01T17:10:23.445Z", "submitted_for_moderation": false, "content_json": "{\"title_de\": \"\", \"search_description\": \"\", \"owner\": 1, \"latest_revision_created_at\": \"2016-04-01T17:07:09.829Z\", \"go_live_at\": null, \"title\": \"About\", \"seo_title\": \"\", \"slug\": \"about\", \"intro_en\": \"<p>Democratic decision-making can be improved in many different fields of society. Our mission is to promote the advantages of online participation in all kinds of contexts, from international organisations to small local initiatives.</p>\", \"live\": true, \"has_unpublished_changes\": false, \"body_en\": \"[{\\\"type\\\": \\\"ThreeImageLinks\\\", \\\"value\\\": {\\\"image_left\\\": {\\\"image\\\": 7, \\\"internal_link\\\": null, \\\"link_text\\\": \\\"We do research within a network of academics and practitioners\\\", \\\"external_url\\\": \\\"https://fold.liqd.net/\\\"}, \\\"image_middle\\\": {\\\"image\\\": 8, \\\"internal_link\\\": 3, \\\"link_text\\\": \\\"We develop free software\\\", \\\"external_url\\\": \\\"\\\"}, \\\"image_right\\\": {\\\"image\\\": 9, \\\"internal_link\\\": 3, \\\"link_text\\\": \\\"We turn our theory into practice\\\", \\\"external_url\\\": \\\"\\\"}}}]\", \"numchild\": 0, \"title_en\": \"We innovate democracy by developing digital tools for citizen participation.\", \"content_type\": 26, \"show_in_menus\": false, \"path\": \"000100010002\", \"url_path\": \"/home/about/\", \"expired\": false, \"pk\": 11, \"locked\": false, \"depth\": 3, \"intro_de\": \"\", \"body_de\": \"[]\", \"first_published_at\": \"2016-04-01T17:07:09.840Z\", \"expire_at\": null}", "user": 1, "page": 11}, "model": "wagtailcore.pagerevision", "pk": 14}, {"fields": {"approved_go_live_at": null, "created_at": "2016-04-01T17:11:16.715Z", "submitted_for_moderation": false, "content_json": "{\"title_de\": \"\", \"search_description\": \"\", \"owner\": 1, \"latest_revision_created_at\": \"2016-04-01T17:10:23.445Z\", \"go_live_at\": null, \"title\": \"About\", \"seo_title\": \"\", \"slug\": \"about\", \"intro_en\": \"<p>Democratic decision-making can be improved in many different fields of society. Our mission is to promote the advantages of online participation in all kinds of contexts, from international organisations to small local initiatives.</p>\", \"live\": true, \"has_unpublished_changes\": false, \"body_en\": \"[{\\\"type\\\": \\\"ThreeImageLinks\\\", \\\"value\\\": {\\\"image_left\\\": {\\\"image\\\": 7, \\\"internal_link\\\": null, \\\"link_text\\\": \\\"We do research within a network of academics and practitioners\\\", \\\"external_url\\\": \\\"https://fold.liqd.net/\\\"}, \\\"image_middle\\\": {\\\"image\\\": 8, \\\"internal_link\\\": 3, \\\"link_text\\\": \\\"We develop free software\\\", \\\"external_url\\\": \\\"\\\"}, \\\"image_right\\\": {\\\"image\\\": 9, \\\"internal_link\\\": 3, \\\"link_text\\\": \\\"We turn our theory into practice\\\", \\\"external_url\\\": \\\"\\\"}}}, {\\\"type\\\": \\\"quote_paragraph\\\", \\\"value\\\": {\\\"color\\\": \\\"green\\\", \\\"text\\\": \\\"<p>\\\\u00bbLiquid Democracy is not dogmatic. Our iterative approach to developing methods and tools allows for innovation and is open and applicable to existing structures.\\\\u00ab\\\\u2028</p>\\\", \\\"image\\\": null, \\\"author\\\": \\\"DANIEL REICHERT, FOUNDER\\\"}}]\", \"numchild\": 0, \"title_en\": \"We innovate democracy by developing digital tools for citizen participation.\", \"content_type\": 26, \"show_in_menus\": false, \"path\": \"000100010002\", \"url_path\": \"/home/about/\", \"expired\": false, \"pk\": 11, \"locked\": false, \"depth\": 3, \"intro_de\": \"\", \"body_de\": \"[]\", \"first_published_at\": \"2016-04-01T17:07:09.840Z\", \"expire_at\": null}", "user": 1, "page": 11}, "model": "wagtailcore.pagerevision", "pk": 15}, {"fields": {"approved_go_live_at": null, "created_at": "2016-04-01T17:12:04.818Z", "submitted_for_moderation": false, "content_json": "{\"title_de\": \"\", \"search_description\": \"\", \"owner\": 1, \"latest_revision_created_at\": \"2016-04-01T17:11:16.715Z\", \"go_live_at\": null, \"title\": \"About\", \"seo_title\": \"\", \"slug\": \"about\", \"intro_en\": \"<p>Democratic decision-making can be improved in many different fields of society. Our mission is to promote the advantages of online participation in all kinds of contexts, from international organisations to small local initiatives.</p>\", \"live\": true, \"has_unpublished_changes\": false, \"body_en\": \"[{\\\"type\\\": \\\"ThreeImageLinks\\\", \\\"value\\\": {\\\"image_left\\\": {\\\"image\\\": 7, \\\"internal_link\\\": null, \\\"link_text\\\": \\\"We do research within a network of academics and practitioners\\\", \\\"external_url\\\": \\\"https://fold.liqd.net/\\\"}, \\\"image_middle\\\": {\\\"image\\\": 8, \\\"internal_link\\\": 3, \\\"link_text\\\": \\\"We develop free software\\\", \\\"external_url\\\": \\\"\\\"}, \\\"image_right\\\": {\\\"image\\\": 9, \\\"internal_link\\\": 3, \\\"link_text\\\": \\\"We turn our theory into practice\\\", \\\"external_url\\\": \\\"\\\"}}}, {\\\"type\\\": \\\"quote_paragraph\\\", \\\"value\\\": {\\\"color\\\": \\\"green\\\", \\\"text\\\": \\\"<p>\\\\u00bbLiquid Democracy is not dogmatic. Our iterative approach to developing methods and tools allows for innovation and is open and applicable to existing structures.\\\\u00ab\\\\u2028</p>\\\", \\\"image\\\": null, \\\"author\\\": \\\"DANIEL REICHERT, FOUNDER\\\"}}, {\\\"type\\\": \\\"standard_paragraph\\\", \\\"value\\\": {\\\"headline\\\": \\\"About us\\\", \\\"text\\\": \\\"<p>We are a non-party, non-profit association based in Berlin. We like to describe ourselves as a think &amp; do tank. Since 2009, we have been working on innovative concepts and methods for citizen participation. The key element of our work is the development of Adhocracy, a free software which serves as a digital participation tool. It offers various functions for the different needs of our users. In addition, we are developing Thentos, an identity management system which ensures privacy during complex participation processes.</p><p>We cooperate with a wide range of institutions: from political parties to small initiatives, municipalities and federal institutions, international organisations and local initiatives.</p><p>Liquid Democracy is also an innovative concept of participatory democracy. Participation is a key to individual empowerment and active citizenship. Our work is based on the belief that democracy in its current state should be more dynamic and allow for more participation. The fix elements and structures of representative democracy should thus be \\\\u00bbliquefied\\\\u00ab.</p><p>As a method, Liquid Democracy uses digital technology to integrate individuals in decision-making. The design of our technology ensures a low-threshold and efficient participation that is time and place independent.</p>\\\"}}]\", \"numchild\": 0, \"title_en\": \"We innovate democracy by developing digital tools for citizen participation.\", \"content_type\": 26, \"show_in_menus\": false, \"path\": \"000100010002\", \"url_path\": \"/home/about/\", \"expired\": false, \"pk\": 11, \"locked\": false, \"depth\": 3, \"intro_de\": \"\", \"body_de\": \"[]\", \"first_published_at\": \"2016-04-01T17:07:09.840Z\", \"expire_at\": null}", "user": 1, "page": 11}, "model": "wagtailcore.pagerevision", "pk": 16}, {"fields": {"approved_go_live_at": null, "created_at": "2016-04-01T17:13:20.486Z", "submitted_for_moderation": false, "content_json": "{\"title_de\": \"\", \"search_description\": \"\", \"owner\": 1, \"latest_revision_created_at\": null, \"go_live_at\": null, \"title\": \"Join Us\", \"seo_title\": \"\", \"slug\": \"join-us\", \"intro_en\": \"<p>We are a small team of individuals who come from various backgrounds: software development, political science and interface design, to name a few. We are literally growing with our tasks and currently recruiting.</p><p><br/></p><p>Here's why joining us could be a good idea.</p>\", \"live\": true, \"has_unpublished_changes\": false, \"body_en\": \"[]\", \"numchild\": 0, \"title_en\": \"Would you like to work with us?\", \"content_type\": 26, \"show_in_menus\": false, \"path\": \"000100010003\", \"url_path\": \"/home/join-us/\", \"expired\": false, \"pk\": 12, \"locked\": false, \"depth\": 3, \"intro_de\": \"\", \"body_de\": \"[]\", \"first_published_at\": null, \"expire_at\": null}", "user": 1, "page": 12}, "model": "wagtailcore.pagerevision", "pk": 17}, {"fields": {"approved_go_live_at": null, "created_at": "2016-04-01T17:15:24.537Z", "submitted_for_moderation": false, "content_json": "{\"title_de\": \"\", \"search_description\": \"\", \"owner\": 1, \"latest_revision_created_at\": \"2016-04-01T17:13:20.486Z\", \"go_live_at\": null, \"title\": \"Join Us\", \"seo_title\": \"\", \"slug\": \"join-us\", \"intro_en\": \"<p>We are a small team of individuals who come from various backgrounds: software development, political science and interface design, to name a few. We are literally growing with our tasks and currently recruiting.</p><p><br/></p><p>Here's why joining us could be a good idea.</p>\", \"live\": true, \"has_unpublished_changes\": false, \"body_en\": \"[{\\\"type\\\": \\\"image_slider\\\", \\\"value\\\": [10, 11, 12, 13]}]\", \"numchild\": 0, \"title_en\": \"Would you like to work with us?\", \"content_type\": 26, \"show_in_menus\": false, \"path\": \"000100010003\", \"url_path\": \"/home/join-us/\", \"expired\": false, \"pk\": 12, \"locked\": false, \"depth\": 3, \"intro_de\": \"\", \"body_de\": \"[]\", \"first_published_at\": \"2016-04-01T17:13:20.495Z\", \"expire_at\": null}", "user": 1, "page": 12}, "model": "wagtailcore.pagerevision", "pk": 18}, {"fields": {"approved_go_live_at": null, "created_at": "2016-04-01T17:17:27.083Z", "submitted_for_moderation": false, "content_json": "{\"title_de\": \"\", \"search_description\": \"\", \"owner\": 1, \"latest_revision_created_at\": \"2016-04-01T17:15:24.537Z\", \"go_live_at\": null, \"title\": \"Join Us\", \"seo_title\": \"\", \"slug\": \"join-us\", \"intro_en\": \"<p>We are a small team of individuals who come from various backgrounds: software development, political science and interface design, to name a few. We are literally growing with our tasks and currently recruiting.</p><p><br/></p><p>Here's why joining us could be a good idea.</p>\", \"live\": true, \"has_unpublished_changes\": false, \"body_en\": \"[{\\\"type\\\": \\\"image_slider\\\", \\\"value\\\": [10, 11, 12, 13]}, {\\\"type\\\": \\\"columns\\\", \\\"value\\\": {\\\"col1_text\\\": \\\"<p>It is part of our day-to-day tasks to innovate democratic decision-making processes and thus make significant changes for the citizens and institutions we work for. We are a team of pragmatic idealists who believe in the positive effects of their work.</p>\\\", \\\"col2_text\\\": \\\"<p>We are a team of highly competent individuals, each one is an expert in their own field. This implies that we all have an active role in the implementation of our projects and that everyone's respected for their skills. We are growing fast and thus need people who are willing to take resonsibility.</p>\\\", \\\"col2_headline\\\": \\\"You will take responsibility\\\", \\\"col1_headline\\\": \\\"You will make a change\\\"}}, {\\\"type\\\": \\\"columns\\\", \\\"value\\\": {\\\"col1_text\\\": \\\"<p>We could not promote the idea of Liquid Democracy if we did not have high demands of our own internal democratic structures. We believe that the outcome of a decision is simply better when more people can bring in their perspectives. Thus, we are not only willing to hear your opinion on our strategy, but we would also like you to bring in new ideas.</p>\\\", \\\"col2_text\\\": \\\"<p>We believe that everyone will achieve better results if we truly respect each other, maintain a friendly and familiar atmosphere between our co-workers and a culture of transparency and fairness. In addition to a fair salary you will receive technical equipment which will help you reach the best results comfortably and efficiently.</p>\\\", \\\"col2_headline\\\": \\\"Fairness is important to us\\\", \\\"col1_headline\\\": \\\"Your voice will count\\\"}}]\", \"numchild\": 0, \"title_en\": \"Would you like to work with us?\", \"content_type\": 26, \"show_in_menus\": false, \"path\": \"000100010003\", \"url_path\": \"/home/join-us/\", \"expired\": false, \"pk\": 12, \"locked\": false, \"depth\": 3, \"intro_de\": \"\", \"body_de\": \"[]\", \"first_published_at\": \"2016-04-01T17:13:20.495Z\", \"expire_at\": null}", "user": 1, "page": 12}, "model": "wagtailcore.pagerevision", "pk": 19}, {"fields": {"approved_go_live_at": null, "created_at": "2016-04-01T17:18:58.100Z", "submitted_for_moderation": false, "content_json": "{\"title_de\": \"\", \"search_description\": \"\", \"owner\": 1, \"latest_revision_created_at\": \"2016-04-01T17:17:27.083Z\", \"go_live_at\": null, \"title\": \"Join Us\", \"seo_title\": \"\", \"slug\": \"join-us\", \"intro_en\": \"<p>We are a small team of individuals who come from various backgrounds: software development, political science and interface design, to name a few. We are literally growing with our tasks and currently recruiting.</p><p><br/></p><p>Here's why joining us could be a good idea.</p>\", \"live\": true, \"has_unpublished_changes\": false, \"body_en\": \"[{\\\"type\\\": \\\"image_slider\\\", \\\"value\\\": [10, 11, 12, 13]}, {\\\"type\\\": \\\"columns\\\", \\\"value\\\": {\\\"col1_text\\\": \\\"<p>It is part of our day-to-day tasks to innovate democratic decision-making processes and thus make significant changes for the citizens and institutions we work for. We are a team of pragmatic idealists who believe in the positive effects of their work.</p>\\\", \\\"col2_text\\\": \\\"<p>We are a team of highly competent individuals, each one is an expert in their own field. This implies that we all have an active role in the implementation of our projects and that everyone's respected for their skills. We are growing fast and thus need people who are willing to take resonsibility.</p>\\\", \\\"col2_headline\\\": \\\"You will take responsibility\\\", \\\"col1_headline\\\": \\\"You will make a change\\\"}}, {\\\"type\\\": \\\"columns\\\", \\\"value\\\": {\\\"col1_text\\\": \\\"<p>We could not promote the idea of Liquid Democracy if we did not have high demands of our own internal democratic structures. We believe that the outcome of a decision is simply better when more people can bring in their perspectives. Thus, we are not only willing to hear your opinion on our strategy, but we would also like you to bring in new ideas.</p>\\\", \\\"col2_text\\\": \\\"<p>We believe that everyone will achieve better results if we truly respect each other, maintain a friendly and familiar atmosphere between our co-workers and a culture of transparency and fairness. In addition to a fair salary you will receive technical equipment which will help you reach the best results comfortably and efficiently.</p>\\\", \\\"col2_headline\\\": \\\"Fairness is important to us\\\", \\\"col1_headline\\\": \\\"Your voice will count\\\"}}, {\\\"type\\\": \\\"linkbox\\\", \\\"value\\\": {\\\"headline\\\": \\\"Job vacancies\\\", \\\"text\\\": \\\"\\\", \\\"links\\\": [{\\\"internal_link\\\": 12, \\\"link_text\\\": \\\"Bla\\\"}]}}]\", \"numchild\": 0, \"title_en\": \"Would you like to work with us?\", \"content_type\": 26, \"show_in_menus\": false, \"path\": \"000100010003\", \"url_path\": \"/home/join-us/\", \"expired\": false, \"pk\": 12, \"locked\": false, \"depth\": 3, \"intro_de\": \"\", \"body_de\": \"[]\", \"first_published_at\": \"2016-04-01T17:13:20.495Z\", \"expire_at\": null}", "user": 1, "page": 12}, "model": "wagtailcore.pagerevision", "pk": 20}, {"fields": {"approved_go_live_at": null, "created_at": "2016-04-01T17:21:17.401Z", "submitted_for_moderation": false, "content_json": "{\"title_de\": \"\", \"search_description\": \"\", \"owner\": 1, \"latest_revision_created_at\": null, \"go_live_at\": null, \"title\": \"Student Job\", \"seo_title\": \"\", \"slug\": \"student-job\", \"live\": true, \"has_unpublished_changes\": false, \"body_en\": \"<p>Werde Teil unseres Projektmanagement-Teams und arbeite mit uns an innovativen Projekten f\\u00fcr eine Demokratie des 21. Jahrhunderts!</p><h2>Wir \\u00fcber uns</h2><p>Der Liquid Democracy e.V. ist ein gemeinn\\u00fctziger Verein mit Sitz in Berlin. Unsere Leitidee besteht darin, die M\\u00f6glichkeiten digitaler Technologien zu nutzen, um Entscheidungsprozesse partizipativer, demokratischer und transparenter zu gestalten. Seit 2009 entwickeln wir daher die freie Software Adhocracy, mittels derer wir digitale B\\u00fcrgerbeteiligung in den verschiedensten gesellschaftlichen und organisatorischen Kontexten erm\\u00f6glichen. Wir arbeiten gemeinsam mit Kunden und Partnern aus Politik, \\u00f6ffentlicher Verwaltung und zivilgesellschaftlichen Organisationen. Zudem betreiben und f\\u00f6rdern wir Forschung im Bereich der E-Partizipation</p><h2>Du bist</h2><ul><li>im fortgeschrittenen Bachelor- oder Masterstudium eines sozial-, geisteswissenschaftlichen oder \\u00e4hnlichen Fachs</li><li>interessiert an gemeinn\\u00fctzigen Projekten, Freier Software und partizipativer Demokratie</li><li>sicher im Umgang mit g\\u00e4ngigen Office-Programmen</li><li>ein Organisationstalent</li><li>in der Lage, sicher auf deutsch und englisch zu kommunizieren, sowohl in Sprache als auch in Schrift</li><li>motiviert, lernf\\u00e4hig und in hohem Ma\\u00dfe selbst\\u00e4ndig in Deiner Arbeit</li><li>erste Erfahrungen im Projektmanagement und/oder mit SCRUM sind von Vorteil.</li></ul><h2>Deine Aufgaben</h2><ul><li>Unterst\\u00fctzung der Projektleitung, unter anderem bei:<ul><li>Planung, Koordination und Organisation von mittleren und gro\\u00dfen Projekten</li><li>Konzeption von Anforderungsworkshops und Kundenpr\\u00e4sentationen</li></ul></li><li>administrative und konzeptionelle Unterst\\u00fctzung des Projektteams</li><li>eigenst\\u00e4ndiges und verantwortliches Arbeiten im Team</li></ul><h2>Deine M\\u00f6glichkeiten mit uns</h2><p>Wir bieten Dir flexible Arbeitszeiten bei einer Entlohnung von 10,98\\u20ac/h. Die Stelle ist ab sofort zu besetzen.</p><p>Schicke uns Deine Bewerbung mit fr\\u00fchestm\\u00f6glichem Arbeitsbeginn ohne Bewerbungsbild an:\\u00a0<a href=\\\"mailto:application@liqd.de\\\">application@liqd.de</a></p>\", \"numchild\": 0, \"title_en\": \"Werkstudent*in Assistenz der Projektleitung (15-20 h/Woche)\", \"content_type\": 27, \"show_in_menus\": false, \"path\": \"000100010004\", \"url_path\": \"/home/student-job/\", \"expired\": false, \"pk\": 13, \"locked\": false, \"depth\": 3, \"body_de\": \"\", \"first_published_at\": null, \"expire_at\": null}", "user": 1, "page": 13}, "model": "wagtailcore.pagerevision", "pk": 21}, {"fields": {"approved_go_live_at": null, "created_at": "2016-04-01T17:22:23.232Z", "submitted_for_moderation": false, "content_json": "{\"title_de\": \"\", \"search_description\": \"\", \"owner\": 1, \"latest_revision_created_at\": \"2016-04-01T17:18:58.100Z\", \"go_live_at\": null, \"title\": \"Join Us\", \"seo_title\": \"\", \"slug\": \"join-us\", \"intro_en\": \"<p>We are a small team of individuals who come from various backgrounds: software development, political science and interface design, to name a few. We are literally growing with our tasks and currently recruiting.</p><p><br/></p><p>Here's why joining us could be a good idea.</p>\", \"live\": true, \"has_unpublished_changes\": false, \"body_en\": \"[{\\\"type\\\": \\\"image_slider\\\", \\\"value\\\": [10, 11, 12, 13]}, {\\\"type\\\": \\\"columns\\\", \\\"value\\\": {\\\"col1_text\\\": \\\"<p>It is part of our day-to-day tasks to innovate democratic decision-making processes and thus make significant changes for the citizens and institutions we work for. We are a team of pragmatic idealists who believe in the positive effects of their work.</p>\\\", \\\"col2_text\\\": \\\"<p>We are a team of highly competent individuals, each one is an expert in their own field. This implies that we all have an active role in the implementation of our projects and that everyone's respected for their skills. We are growing fast and thus need people who are willing to take resonsibility.</p>\\\", \\\"col2_headline\\\": \\\"You will take responsibility\\\", \\\"col1_headline\\\": \\\"You will make a change\\\"}}, {\\\"type\\\": \\\"columns\\\", \\\"value\\\": {\\\"col1_text\\\": \\\"<p>We could not promote the idea of Liquid Democracy if we did not have high demands of our own internal democratic structures. We believe that the outcome of a decision is simply better when more people can bring in their perspectives. Thus, we are not only willing to hear your opinion on our strategy, but we would also like you to bring in new ideas.</p>\\\", \\\"col2_text\\\": \\\"<p>We believe that everyone will achieve better results if we truly respect each other, maintain a friendly and familiar atmosphere between our co-workers and a culture of transparency and fairness. In addition to a fair salary you will receive technical equipment which will help you reach the best results comfortably and efficiently.</p>\\\", \\\"col2_headline\\\": \\\"Fairness is important to us\\\", \\\"col1_headline\\\": \\\"Your voice will count\\\"}}, {\\\"type\\\": \\\"linkbox\\\", \\\"value\\\": {\\\"headline\\\": \\\"Job vacancies\\\", \\\"text\\\": \\\"\\\", \\\"links\\\": [{\\\"internal_link\\\": 13, \\\"link_text\\\": \\\"Student Job\\\"}]}}]\", \"numchild\": 0, \"title_en\": \"Would you like to work with us?\", \"content_type\": 26, \"show_in_menus\": false, \"path\": \"000100010003\", \"url_path\": \"/home/join-us/\", \"expired\": false, \"pk\": 12, \"locked\": false, \"depth\": 3, \"intro_de\": \"\", \"body_de\": \"[]\", \"first_published_at\": \"2016-04-01T17:13:20.495Z\", \"expire_at\": null}", "user": 1, "page": 12}, "model": "wagtailcore.pagerevision", "pk": 22}, {"fields": {"approved_go_live_at": null, "created_at": "2016-04-01T17:23:57.516Z", "submitted_for_moderation": false, "content_json": "{\"title_de\": \"\", \"heading1_en\": \"Hi, we are\", \"search_description\": \"\", \"owner\": null, \"latest_revision_created_at\": \"2016-04-01T16:46:20.004Z\", \"go_live_at\": null, \"title\": \"Homepage\", \"heading2_en\": \"Liquid Democracy\", \"seo_title\": \"\", \"slug\": \"home\", \"intro_en\": \"<p>Lorem ipsum dolor sit amet, consectetur adipiscing elit. Phasellus quis lectus metus, at posuere neque. Sed pharetra nibh eget orci convallis at posuere leo convallis. Sed blandit augue vitae augue scelerisque bibendum. Vivamus sit amet libero turpis, non venenatis urna. In blandit, odio convallis suscipit venenatis, ante ipsum cursus augue.</p>\", \"live\": true, \"has_unpublished_changes\": false, \"body_en\": \"[{\\\"type\\\": \\\"project_teaser\\\", \\\"value\\\": {\\\"translated_shorttext\\\": \\\"<p><a href=\\\\\\\"https://advocate-europe.eu/en\\\\\\\">We have implemented the Europe-wide idea challenge\\\\u00a0</a><a href=\\\\\\\"https://advocate-europe.eu/en\\\\\\\">Advocate Europe</a>\\\\u00a0in cooperation with Stiftung Mercator.</p>\\\", \\\"translated_title\\\": \\\"Advocate Europe\\\", \\\"image\\\": 1, \\\"internal_link\\\": null, \\\"external_url\\\": \\\"https://advocate-europe.eu/en\\\"}}]\", \"heading1_de\": \"\", \"numchild\": 4, \"title_en\": \"title\", \"content_type\": 2, \"show_in_menus\": false, \"path\": \"00010001\", \"url_path\": \"/home/\", \"expired\": false, \"pk\": 3, \"heading2_de\": \"\", \"locked\": false, \"depth\": 2, \"intro_de\": \"\", \"body_de\": \"[]\", \"first_published_at\": \"2016-04-01T16:46:20.014Z\", \"expire_at\": null}", "user": 1, "page": 3}, "model": "wagtailcore.pagerevision", "pk": 23}, {"fields": {"approved_go_live_at": null, "created_at": "2016-04-01T17:24:31.155Z", "submitted_for_moderation": false, "content_json": "{\"title_de\": \"\", \"heading1_en\": \"Hi, we are\", \"search_description\": \"\", \"owner\": null, \"latest_revision_created_at\": \"2016-04-01T17:23:57.516Z\", \"go_live_at\": null, \"title\": \"Homepage\", \"heading2_en\": \"Liquid Democracy\", \"seo_title\": \"\", \"slug\": \"home\", \"intro_en\": \"<p>Lorem ipsum dolor sit amet, consectetur adipiscing elit. Phasellus quis lectus metus, at posuere neque. Sed pharetra nibh eget orci convallis at posuere leo convallis. Sed blandit augue vitae augue scelerisque bibendum. Vivamus sit amet libero turpis, non venenatis urna. In blandit, odio convallis suscipit venenatis, ante ipsum cursus augue.</p>\", \"live\": true, \"has_unpublished_changes\": false, \"body_en\": \"[{\\\"type\\\": \\\"project_teaser\\\", \\\"value\\\": {\\\"translated_shorttext\\\": \\\"<p>We have implemented the Europe-wide idea challenge Advocate Europe in cooperation with Stiftung Mercator.<br/></p>\\\", \\\"translated_title\\\": \\\"Advocate Europe\\\", \\\"image\\\": 1, \\\"internal_link\\\": null, \\\"external_url\\\": \\\"https://advocate-europe.eu/en\\\"}}]\", \"heading1_de\": \"\", \"numchild\": 4, \"title_en\": \"title\", \"content_type\": 2, \"show_in_menus\": false, \"path\": \"00010001\", \"url_path\": \"/home/\", \"expired\": false, \"pk\": 3, \"heading2_de\": \"\", \"locked\": false, \"depth\": 2, \"intro_de\": \"\", \"body_de\": \"[]\", \"first_published_at\": \"2016-04-01T16:46:20.014Z\", \"expire_at\": null}", "user": 1, "page": 3}, "model": "wagtailcore.pagerevision", "pk": 24}, {"fields": {"approved_go_live_at": null, "created_at": "2016-04-01T17:25:14.218Z", "submitted_for_moderation": false, "content_json": "{\"title_de\": \"\", \"heading1_en\": \"Hi, we are\", \"search_description\": \"\", \"owner\": null, \"latest_revision_created_at\": \"2016-04-01T17:24:31.155Z\", \"go_live_at\": null, \"title\": \"Homepage\", \"heading2_en\": \"Liquid Democracy\", \"seo_title\": \"\", \"slug\": \"home\", \"intro_en\": \"<p>Lorem ipsum dolor sit amet, consectetur adipiscing elit. Phasellus quis lectus metus, at posuere neque. Sed pharetra nibh eget orci convallis at posuere leo convallis. Sed blandit augue vitae augue scelerisque bibendum. Vivamus sit amet libero turpis, non venenatis urna. In blandit, odio convallis suscipit venenatis, ante ipsum cursus augue.</p>\", \"live\": true, \"has_unpublished_changes\": false, \"body_en\": \"[{\\\"type\\\": \\\"project_teaser\\\", \\\"value\\\": {\\\"translated_shorttext\\\": \\\"<p>We have implemented the Europe-wide idea challenge Advocate Europe in cooperation with Stiftung Mercator.<br/></p>\\\", \\\"translated_title\\\": \\\"Advocate Europe\\\", \\\"image\\\": 1, \\\"internal_link\\\": 5, \\\"external_url\\\": \\\"https://advocate-europe.eu/en\\\"}}]\", \"heading1_de\": \"\", \"numchild\": 4, \"title_en\": \"title\", \"content_type\": 2, \"show_in_menus\": false, \"path\": \"00010001\", \"url_path\": \"/home/\", \"expired\": false, \"pk\": 3, \"heading2_de\": \"\", \"locked\": false, \"depth\": 2, \"intro_de\": \"\", \"body_de\": \"[]\", \"first_published_at\": \"2016-04-01T16:46:20.014Z\", \"expire_at\": null}", "user": 1, "page": 3}, "model": "wagtailcore.pagerevision", "pk": 25}, {"fields": {"approved_go_live_at": null, "created_at": "2016-04-01T17:27:26.183Z", "submitted_for_moderation": false, "content_json": "{\"title_de\": \"\", \"search_description\": \"\", \"owner\": 1, \"latest_revision_created_at\": null, \"go_live_at\": null, \"title\": \"Blog\", \"seo_title\": \"\", \"slug\": \"blog\", \"intro_en\": \"\", \"live\": true, \"has_unpublished_changes\": false, \"body_en\": \"[]\", \"numchild\": 0, \"title_en\": \"Blog\", \"content_type\": 35, \"show_in_menus\": false, \"path\": \"000100010005\", \"url_path\": \"/home/blog/\", \"expired\": false, \"pk\": 14, \"locked\": false, \"depth\": 3, \"intro_de\": \"\", \"body_de\": \"[]\", \"first_published_at\": null, \"expire_at\": null}", "user": 1, "page": 14}, "model": "wagtailcore.pagerevision", "pk": 26}, {"fields": {"approved_go_live_at": null, "created_at": "2016-04-01T17:30:08.077Z", "submitted_for_moderation": false, "content_json": "{\"title_de\": \"\", \"search_description\": \"\", \"owner\": 1, \"latest_revision_created_at\": null, \"subtitle_en\": \"Lorem ipsum dolor sit amet, consectetur adipiscing elit. Phasellus quis lectus metus, at posuere neque. Sed pharetra nibh eget orci convallis at posuere leo convallis. Sed blandit augue vitae augue scelerisque bibendum. Vivamus sit amet libero turpis, non\", \"go_live_at\": null, \"title\": \"We moved\", \"seo_title\": \"\", \"slug\": \"we-moved\", \"intro_en\": \"<p>Lorem ipsum dolor sit amet, consectetur adipiscing elit. Phasellus quis lectus metus, at posuere neque. Sed pharetra nibh eget orci convallis at posuere leo convallis. Sed blandit augue vitae augue scelerisque bibendum. Vivamus sit amet libero turpis, non venenatis urna. In blandit, odio convallis suscipit venenatis, ante ipsum cursus augue.</p><p><br/></p>\", \"live\": true, \"has_unpublished_changes\": false, \"body_en\": \"[]\", \"numchild\": 0, \"title_en\": \"We moved to our new office\", \"subtitle_de\": \"\", \"content_type\": 34, \"show_in_menus\": false, \"date\": \"2016-04-01\", \"path\": \"0001000100050001\", \"url_path\": \"/home/blog/we-moved/\", \"expired\": false, \"pk\": 15, \"locked\": false, \"author\": \"Tino Testuser\", \"depth\": 4, \"intro_de\": \"\", \"body_de\": \"[]\", \"first_published_at\": null, \"expire_at\": null}", "user": 1, "page": 15}, "model": "wagtailcore.pagerevision", "pk": 27}, {"fields": {"approved_go_live_at": null, "created_at": "2016-04-01T17:33:29.152Z", "submitted_for_moderation": false, "content_json": "{\"title_de\": \"\", \"search_description\": \"\", \"owner\": 1, \"latest_revision_created_at\": \"2016-04-01T17:30:08.077Z\", \"subtitle_en\": \"Lorem ipsum dolor sit amet, consectetur adipiscing elit. Phasellus quis lectus metus, at posuere neque. Sed pharetra nibh eget orci convallis at posuere leo convallis. Sed blandit augue vitae augue scelerisque bibendum. Vivamus sit amet libero turpis, non\", \"go_live_at\": null, \"title\": \"We moved\", \"seo_title\": \"\", \"slug\": \"we-moved\", \"intro_en\": \"<p>Lorem ipsum dolor sit amet, consectetur adipiscing elit. Phasellus quis lectus metus, at posuere neque. Sed pharetra nibh eget orci convallis at posuere leo convallis. Sed blandit augue vitae augue scelerisque bibendum. Vivamus sit amet libero turpis, non venenatis urna. In blandit, odio convallis suscipit venenatis, ante ipsum cursus augue.</p><p><br/></p>\", \"live\": true, \"has_unpublished_changes\": false, \"body_en\": \"[{\\\"type\\\": \\\"heading\\\", \\\"value\\\": \\\"How it started\\\"}, {\\\"type\\\": \\\"paragraph\\\", \\\"value\\\": \\\"<p>Lorem ipsum dolor sit amet, consectetur adipiscing elit. Phasellus quis lectus metus, at posuere neque. Sed pharetra nibh eget orci convallis at posuere leo convallis. Sed blandit augue vitae augue scelerisque bibendum. Vivamus sit amet libero turpis, non venenatis urna. In blandit, odio convallis suscipit venenatis, ante ipsum cursus augue.</p><p><br/></p><p><p>Lorem ipsum dolor sit amet, consectetur adipiscing elit. Phasellus quis lectus metus, at posuere neque. Sed pharetra nibh eget orci convallis at posuere leo convallis. Sed blandit augue vitae augue scelerisque bibendum. Vivamus sit amet libero turpis, non venenatis urna. In blandit, odio convallis suscipit venenatis, ante ipsum cursus augue.</p><p><br/></p></p><p><br/></p>\\\"}, {\\\"type\\\": \\\"heading\\\", \\\"value\\\": \\\"Our Office\\\"}]\", \"numchild\": 0, \"title_en\": \"We moved to our new office\", \"subtitle_de\": \"\", \"content_type\": 34, \"show_in_menus\": false, \"date\": \"2016-04-01\", \"path\": \"0001000100050001\", \"url_path\": \"/home/blog/we-moved/\", \"expired\": false, \"pk\": 15, \"locked\": false, \"author\": \"Tino Testuser\", \"depth\": 4, \"intro_de\": \"\", \"body_de\": \"[]\", \"first_published_at\": \"2016-04-01T17:30:08.087Z\", \"expire_at\": null}", "user": 1, "page": 15}, "model": "wagtailcore.pagerevision", "pk": 28}, {"fields": {"approved_go_live_at": null, "created_at": "2016-04-01T17:34:09.396Z", "submitted_for_moderation": false, "content_json": "{\"title_de\": \"\", \"search_description\": \"\", \"owner\": 1, \"latest_revision_created_at\": \"2016-04-01T17:33:29.152Z\", \"subtitle_en\": \"Lorem ipsum dolor sit amet, consectetur adipiscing elit. Phasellus quis lectus metus, at posuere neque. Sed pharetra nibh eget orci convallis at posuere leo convallis. Sed blandit augue vitae augue scelerisque bibendum. Vivamus sit amet libero turpis, non\", \"go_live_at\": null, \"title\": \"We moved\", \"seo_title\": \"\", \"slug\": \"we-moved\", \"intro_en\": \"<p>Lorem ipsum dolor sit amet, consectetur adipiscing elit. Phasellus quis lectus metus, at posuere neque. Sed pharetra nibh eget orci convallis at posuere leo convallis. Sed blandit augue vitae augue scelerisque bibendum. Vivamus sit amet libero turpis, non venenatis urna. In blandit, odio convallis suscipit venenatis, ante ipsum cursus augue.</p><p><br/></p>\", \"live\": true, \"has_unpublished_changes\": false, \"body_en\": \"[{\\\"type\\\": \\\"heading\\\", \\\"value\\\": \\\"How it started\\\"}, {\\\"type\\\": \\\"paragraph\\\", \\\"value\\\": \\\"<p>Lorem ipsum dolor sit amet, consectetur adipiscing elit. Phasellus quis lectus metus, at posuere neque. Sed pharetra nibh eget orci convallis at posuere leo convallis. Sed blandit augue vitae augue scelerisque bibendum. Vivamus sit amet libero turpis, non venenatis urna. In blandit, odio convallis suscipit venenatis, ante ipsum cursus augue.</p><p><br/></p><p></p><p>Lorem ipsum dolor sit amet, consectetur adipiscing elit. Phasellus quis lectus metus, at posuere neque. Sed pharetra nibh eget orci convallis at posuere leo convallis. Sed blandit augue vitae augue scelerisque bibendum. Vivamus sit amet libero turpis, non venenatis urna. In blandit, odio convallis suscipit venenatis, ante ipsum cursus augue.</p><p><br/></p><p>Lorem ipsum dolor sit amet, consectetur adipiscing elit. Phasellus quis lectus metus, at posuere neque. Sed pharetra nibh eget orci convallis at posuere leo convallis. Sed blandit augue vitae augue scelerisque bibendum. Vivamus sit amet libero turpis, non venenatis urna. In blandit, odio convallis suscipit venenatis, ante ipsum cursus augue.Lorem ipsum dolor sit amet, consectetur adipiscing elit. Phasellus quis lectus metus, at posuere neque. Sed pharetra nibh eget orci convallis at posuere leo convallis. Sed blandit augue vitae augue scelerisque bibendum. Vivamus sit amet libero turpis, non venenatis urna. In blandit, odio convallis suscipit venenatis, ante ipsum cursus augue.</p><p><br/></p><p><br/></p><p></p><p><br/></p>\\\"}]\", \"numchild\": 0, \"title_en\": \"We moved to our new office\", \"subtitle_de\": \"\", \"content_type\": 34, \"show_in_menus\": false, \"date\": \"2016-04-01\", \"path\": \"0001000100050001\", \"url_path\": \"/home/blog/we-moved/\", \"expired\": false, \"pk\": 15, \"locked\": false, \"author\": \"Tino Testuser\", \"depth\": 4, \"intro_de\": \"\", \"body_de\": \"[]\", \"first_published_at\": \"2016-04-01T17:30:08.087Z\", \"expire_at\": null}", "user": 1, "page": 15}, "model": "wagtailcore.pagerevision", "pk": 29}, {"fields": {"approved_go_live_at": null, "created_at": "2016-04-01T17:34:46.558Z", "submitted_for_moderation": false, "content_json": "{\"title_de\": \"\", \"search_description\": \"\", \"owner\": 1, \"latest_revision_created_at\": \"2016-04-01T17:34:09.396Z\", \"subtitle_en\": \"Lorem ipsum dolor sit amet, consectetur adipiscing elit. Phasellus quis lectus metus, at posuere neque. Sed pharetra nibh eget orci convallis at posuere leo convallis. Sed blandit augue vitae augue scelerisque bibendum. Vivamus sit amet libero turpis, non\", \"go_live_at\": null, \"title\": \"We moved\", \"seo_title\": \"\", \"slug\": \"we-moved\", \"intro_en\": \"<p>Lorem ipsum dolor sit amet, consectetur adipiscing elit. Phasellus quis lectus metus, at posuere neque. Sed pharetra nibh eget orci convallis at posuere leo convallis. Sed blandit augue vitae augue scelerisque bibendum. Vivamus sit amet libero turpis, non venenatis urna. In blandit, odio convallis suscipit venenatis, ante ipsum cursus augue.</p><p><br/></p>\", \"live\": true, \"has_unpublished_changes\": false, \"body_en\": \"[{\\\"type\\\": \\\"paragraph\\\", \\\"value\\\": \\\"<p>Lorem ipsum dolor sit amet, consectetur adipiscing elit. Phasellus quis lectus metus, at posuere neque. Sed pharetra nibh eget orci convallis at posuere leo convallis. Sed blandit augue vitae augue scelerisque bibendum. Vivamus sit amet libero turpis, non venenatis urna. In blandit, odio convallis suscipit venenatis, ante ipsum cursus augue.\\\\u00a0Lorem ipsum dolor sit amet, consectetur adipiscing elit. Phasellus quis lectus metus, at posuere neque. Sed pharetra nibh eget orci convallis at posuere leo convallis. Sed blandit augue vitae augue scelerisque bibendum. Vivamus sit amet libero turpis, non venenatis urna. In blandit, odio convallis suscipit venenatis, ante ipsum cursus augue.</p><p><br/></p><p><p>Lorem ipsum dolor sit amet, consectetur adipiscing elit. Phasellus quis lectus metus, at posuere neque. Sed pharetra nibh eget orci convallis at posuere leo convallis. Sed blandit augue vitae augue scelerisque bibendum. Vivamus sit amet libero turpis, non venenatis urna. In blandit, odio convallis suscipit venenatis, ante ipsum cursus augue.</p><p><br/></p></p><p><br/></p><p><br/></p>\\\"}, {\\\"type\\\": \\\"image\\\", \\\"value\\\": 13}, {\\\"type\\\": \\\"heading\\\", \\\"value\\\": \\\"How it started\\\"}, {\\\"type\\\": \\\"paragraph\\\", \\\"value\\\": \\\"<p>Lorem ipsum dolor sit amet, consectetur adipiscing elit. Phasellus quis lectus metus, at posuere neque. Sed pharetra nibh eget orci convallis at posuere leo convallis. Sed blandit augue vitae augue scelerisque bibendum. Vivamus sit amet libero turpis, non venenatis urna. In blandit, odio convallis suscipit venenatis, ante ipsum cursus augue.</p><p><br/></p><p></p><p>Lorem ipsum dolor sit amet, consectetur adipiscing elit. Phasellus quis lectus metus, at posuere neque. Sed pharetra nibh eget orci convallis at posuere leo convallis. Sed blandit augue vitae augue scelerisque bibendum. Vivamus sit amet libero turpis, non venenatis urna. In blandit, odio convallis suscipit venenatis, ante ipsum cursus augue.</p><p><br/></p><p>Lorem ipsum dolor sit amet, consectetur adipiscing elit. Phasellus quis lectus metus, at posuere neque. Sed pharetra nibh eget orci convallis at posuere leo convallis. Sed blandit augue vitae augue scelerisque bibendum. Vivamus sit amet libero turpis, non venenatis urna. In blandit, odio convallis suscipit venenatis, ante ipsum cursus augue.Lorem ipsum dolor sit amet, consectetur adipiscing elit. Phasellus quis lectus metus, at posuere neque. Sed pharetra nibh eget orci convallis at posuere leo convallis. Sed blandit augue vitae augue scelerisque bibendum. Vivamus sit amet libero turpis, non venenatis urna. In blandit, odio convallis suscipit venenatis, ante ipsum cursus augue.</p><p><br/></p><p><br/></p><p></p><p><br/></p>\\\"}]\", \"numchild\": 0, \"title_en\": \"We moved to our new office\", \"subtitle_de\": \"\", \"content_type\": 34, \"show_in_menus\": false, \"date\": \"2016-04-01\", \"path\": \"0001000100050001\", \"url_path\": \"/home/blog/we-moved/\", \"expired\": false, \"pk\": 15, \"locked\": false, \"author\": \"Tino Testuser\", \"depth\": 4, \"intro_de\": \"\", \"body_de\": \"[]\", \"first_published_at\": \"2016-04-01T17:30:08.087Z\", \"expire_at\": null}", "user": 1, "page": 15}, "model": "wagtailcore.pagerevision", "pk": 30}, {"fields": {"approved_go_live_at": null, "created_at": "2016-04-01T17:35:33.176Z", "submitted_for_moderation": false, "content_json": "{\"title_de\": \"\", \"search_description\": \"\", \"owner\": 1, \"latest_revision_created_at\": \"2016-04-01T17:34:46.558Z\", \"subtitle_en\": \"Lorem ipsum dolor sit amet, consectetur adipiscing elit. Phasellus quis lectus metus, at posuere neque. Sed pharetra nibh eget orci convallis at posuere leo convallis. Sed blandit augue vitae augue scelerisque bibendum. Vivamus sit amet libero turpis, non\", \"go_live_at\": null, \"title\": \"We moved\", \"seo_title\": \"\", \"slug\": \"we-moved\", \"intro_en\": \"<p>Lorem ipsum dolor sit amet, consectetur adipiscing elit. Phasellus quis lectus metus, at posuere neque. Sed pharetra nibh eget orci convallis at posuere leo convallis. Sed blandit augue vitae augue scelerisque bibendum. Vivamus sit amet libero turpis, non venenatis urna. In blandit, odio convallis suscipit venenatis, ante ipsum cursus augue.</p><p><br/></p>\", \"live\": true, \"has_unpublished_changes\": false, \"body_en\": \"[{\\\"type\\\": \\\"image\\\", \\\"value\\\": 12}, {\\\"type\\\": \\\"paragraph\\\", \\\"value\\\": \\\"<p>Lorem ipsum dolor sit amet, consectetur adipiscing elit. Phasellus quis lectus metus, at posuere neque. Sed pharetra nibh eget orci convallis at posuere leo convallis. Sed blandit augue vitae augue scelerisque bibendum. Vivamus sit amet libero turpis, non venenatis urna. In blandit, odio convallis suscipit venenatis, ante ipsum cursus augue.\\\\u00a0Lorem ipsum dolor sit amet, consectetur adipiscing elit. Phasellus quis lectus metus, at posuere neque. Sed pharetra nibh eget orci convallis at posuere leo convallis. Sed blandit augue vitae augue scelerisque bibendum. Vivamus sit amet libero turpis, non venenatis urna. In blandit, odio convallis suscipit venenatis, ante ipsum cursus augue.</p><p><br/></p><p></p><p>Lorem ipsum dolor sit amet, consectetur adipiscing elit. Phasellus quis lectus metus, at posuere neque. Sed pharetra nibh eget orci convallis at posuere leo convallis. Sed blandit augue vitae augue scelerisque bibendum. Vivamus sit amet libero turpis, non venenatis urna. In blandit, odio convallis suscipit venenatis, ante ipsum cursus augue.</p><p><br/></p><p></p><p><br/></p><p><br/></p>\\\"}, {\\\"type\\\": \\\"image\\\", \\\"value\\\": 13}, {\\\"type\\\": \\\"heading\\\", \\\"value\\\": \\\"How it started\\\"}, {\\\"type\\\": \\\"paragraph\\\", \\\"value\\\": \\\"<p>Lorem ipsum dolor sit amet, consectetur adipiscing elit. Phasellus quis lectus metus, at posuere neque. Sed pharetra nibh eget orci convallis at posuere leo convallis. Sed blandit augue vitae augue scelerisque bibendum. Vivamus sit amet libero turpis, non venenatis urna. In blandit, odio convallis suscipit venenatis, ante ipsum cursus augue.</p><p><br/></p><p></p><p>Lorem ipsum dolor sit amet, consectetur adipiscing elit. Phasellus quis lectus metus, at posuere neque. Sed pharetra nibh eget orci convallis at posuere leo convallis. Sed blandit augue vitae augue scelerisque bibendum. Vivamus sit amet libero turpis, non venenatis urna. In blandit, odio convallis suscipit venenatis, ante ipsum cursus augue.</p><p><br/></p><p>Lorem ipsum dolor sit amet, consectetur adipiscing elit. Phasellus quis lectus metus, at posuere neque. Sed pharetra nibh eget orci convallis at posuere leo convallis. Sed blandit augue vitae augue scelerisque bibendum. Vivamus sit amet libero turpis, non venenatis urna. In blandit, odio convallis suscipit venenatis, ante ipsum cursus augue.Lorem ipsum dolor sit amet, consectetur adipiscing elit. Phasellus quis lectus metus, at posuere neque. Sed pharetra nibh eget orci convallis at posuere leo convallis. Sed blandit augue vitae augue scelerisque bibendum. Vivamus sit amet libero turpis, non venenatis urna. In blandit, odio convallis suscipit venenatis, ante ipsum cursus augue.</p><p><br/></p><p><br/></p><p></p><p><br/></p>\\\"}]\", \"numchild\": 0, \"title_en\": \"We moved to our new office\", \"subtitle_de\": \"\", \"content_type\": 34, \"show_in_menus\": false, \"date\": \"2016-04-01\", \"path\": \"0001000100050001\", \"url_path\": \"/home/blog/we-moved/\", \"expired\": false, \"pk\": 15, \"locked\": false, \"author\": \"Tino Testuser\", \"depth\": 4, \"intro_de\": \"\", \"body_de\": \"[]\", \"first_published_at\": \"2016-04-01T17:30:08.087Z\", \"expire_at\": null}", "user": 1, "page": 15}, "model": "wagtailcore.pagerevision", "pk": 31}, {"fields": {"approved_go_live_at": null, "created_at": "2016-04-01T17:30:08.077Z", "submitted_for_moderation": false, "content_json": "{\"title_de\": \"\", \"seo_title\": \"\", \"owner\": 1, \"latest_revision_created_at\": null, \"subtitle_en\": \"Lorem ipsum dolor sit amet, consectetur adipiscing elit. Phasellus quis lectus metus, at posuere neque. Sed pharetra nibh eget orci convallis at posuere leo convallis. Sed blandit augue vitae augue scelerisque bibendum. Vivamus sit amet libero turpis, non\", \"go_live_at\": null, \"title\": \"We moved\", \"search_description\": \"\", \"intro_en\": \"<p>Lorem ipsum dolor sit amet, consectetur adipiscing elit. Phasellus quis lectus metus, at posuere neque. Sed pharetra nibh eget orci convallis at posuere leo convallis. Sed blandit augue vitae augue scelerisque bibendum. Vivamus sit amet libero turpis, non venenatis urna. In blandit, odio convallis suscipit venenatis, ante ipsum cursus augue.</p><p><br/></p>\", \"live\": true, \"has_unpublished_changes\": false, \"body_en\": \"[]\", \"numchild\": 0, \"title_en\": \"We moved to our new office\", \"subtitle_de\": \"\", \"content_type\": 34, \"show_in_menus\": false, \"date\": \"2016-04-01\", \"path\": \"0001000100050001\", \"url_path\": \"/home/blog/we-moved/\", \"expired\": false, \"slug\": \"we-moved\", \"locked\": false, \"pk\": 16, \"author\": \"Tino Testuser\", \"depth\": 4, \"intro_de\": \"\", \"body_de\": \"[]\", \"first_published_at\": null, \"expire_at\": null}", "user": 1, "page": 16}, "model": "wagtailcore.pagerevision", "pk": 32}, {"fields": {"approved_go_live_at": null, "created_at": "2016-04-01T17:33:29.152Z", "submitted_for_moderation": false, "content_json": "{\"title_de\": \"\", \"seo_title\": \"\", \"owner\": 1, \"latest_revision_created_at\": \"2016-04-01T17:30:08.077Z\", \"subtitle_en\": \"Lorem ipsum dolor sit amet, consectetur adipiscing elit. Phasellus quis lectus metus, at posuere neque. Sed pharetra nibh eget orci convallis at posuere leo convallis. Sed blandit augue vitae augue scelerisque bibendum. Vivamus sit amet libero turpis, non\", \"go_live_at\": null, \"title\": \"We moved\", \"search_description\": \"\", \"intro_en\": \"<p>Lorem ipsum dolor sit amet, consectetur adipiscing elit. Phasellus quis lectus metus, at posuere neque. Sed pharetra nibh eget orci convallis at posuere leo convallis. Sed blandit augue vitae augue scelerisque bibendum. Vivamus sit amet libero turpis, non venenatis urna. In blandit, odio convallis suscipit venenatis, ante ipsum cursus augue.</p><p><br/></p>\", \"live\": true, \"has_unpublished_changes\": false, \"body_en\": \"[{\\\"type\\\": \\\"heading\\\", \\\"value\\\": \\\"How it started\\\"}, {\\\"type\\\": \\\"paragraph\\\", \\\"value\\\": \\\"<p>Lorem ipsum dolor sit amet, consectetur adipiscing elit. Phasellus quis lectus metus, at posuere neque. Sed pharetra nibh eget orci convallis at posuere leo convallis. Sed blandit augue vitae augue scelerisque bibendum. Vivamus sit amet libero turpis, non venenatis urna. In blandit, odio convallis suscipit venenatis, ante ipsum cursus augue.</p><p><br/></p><p><p>Lorem ipsum dolor sit amet, consectetur adipiscing elit. Phasellus quis lectus metus, at posuere neque. Sed pharetra nibh eget orci convallis at posuere leo convallis. Sed blandit augue vitae augue scelerisque bibendum. Vivamus sit amet libero turpis, non venenatis urna. In blandit, odio convallis suscipit venenatis, ante ipsum cursus augue.</p><p><br/></p></p><p><br/></p>\\\"}, {\\\"type\\\": \\\"heading\\\", \\\"value\\\": \\\"Our Office\\\"}]\", \"numchild\": 0, \"title_en\": \"We moved to our new office\", \"subtitle_de\": \"\", \"content_type\": 34, \"show_in_menus\": false, \"date\": \"2016-04-01\", \"path\": \"0001000100050001\", \"url_path\": \"/home/blog/we-moved/\", \"expired\": false, \"slug\": \"we-moved\", \"locked\": false, \"pk\": 16, \"author\": \"Tino Testuser\", \"depth\": 4, \"intro_de\": \"\", \"body_de\": \"[]\", \"first_published_at\": \"2016-04-01T17:30:08.087Z\", \"expire_at\": null}", "user": 1, "page": 16}, "model": "wagtailcore.pagerevision", "pk": 33}, {"fields": {"approved_go_live_at": null, "created_at": "2016-04-01T17:34:09.396Z", "submitted_for_moderation": false, "content_json": "{\"title_de\": \"\", \"seo_title\": \"\", \"owner\": 1, \"latest_revision_created_at\": \"2016-04-01T17:33:29.152Z\", \"subtitle_en\": \"Lorem ipsum dolor sit amet, consectetur adipiscing elit. Phasellus quis lectus metus, at posuere neque. Sed pharetra nibh eget orci convallis at posuere leo convallis. Sed blandit augue vitae augue scelerisque bibendum. Vivamus sit amet libero turpis, non\", \"go_live_at\": null, \"title\": \"We moved\", \"search_description\": \"\", \"intro_en\": \"<p>Lorem ipsum dolor sit amet, consectetur adipiscing elit. Phasellus quis lectus metus, at posuere neque. Sed pharetra nibh eget orci convallis at posuere leo convallis. Sed blandit augue vitae augue scelerisque bibendum. Vivamus sit amet libero turpis, non venenatis urna. In blandit, odio convallis suscipit venenatis, ante ipsum cursus augue.</p><p><br/></p>\", \"live\": true, \"has_unpublished_changes\": false, \"body_en\": \"[{\\\"type\\\": \\\"heading\\\", \\\"value\\\": \\\"How it started\\\"}, {\\\"type\\\": \\\"paragraph\\\", \\\"value\\\": \\\"<p>Lorem ipsum dolor sit amet, consectetur adipiscing elit. Phasellus quis lectus metus, at posuere neque. Sed pharetra nibh eget orci convallis at posuere leo convallis. Sed blandit augue vitae augue scelerisque bibendum. Vivamus sit amet libero turpis, non venenatis urna. In blandit, odio convallis suscipit venenatis, ante ipsum cursus augue.</p><p><br/></p><p></p><p>Lorem ipsum dolor sit amet, consectetur adipiscing elit. Phasellus quis lectus metus, at posuere neque. Sed pharetra nibh eget orci convallis at posuere leo convallis. Sed blandit augue vitae augue scelerisque bibendum. Vivamus sit amet libero turpis, non venenatis urna. In blandit, odio convallis suscipit venenatis, ante ipsum cursus augue.</p><p><br/></p><p>Lorem ipsum dolor sit amet, consectetur adipiscing elit. Phasellus quis lectus metus, at posuere neque. Sed pharetra nibh eget orci convallis at posuere leo convallis. Sed blandit augue vitae augue scelerisque bibendum. Vivamus sit amet libero turpis, non venenatis urna. In blandit, odio convallis suscipit venenatis, ante ipsum cursus augue.Lorem ipsum dolor sit amet, consectetur adipiscing elit. Phasellus quis lectus metus, at posuere neque. Sed pharetra nibh eget orci convallis at posuere leo convallis. Sed blandit augue vitae augue scelerisque bibendum. Vivamus sit amet libero turpis, non venenatis urna. In blandit, odio convallis suscipit venenatis, ante ipsum cursus augue.</p><p><br/></p><p><br/></p><p></p><p><br/></p>\\\"}]\", \"numchild\": 0, \"title_en\": \"We moved to our new office\", \"subtitle_de\": \"\", \"content_type\": 34, \"show_in_menus\": false, \"date\": \"2016-04-01\", \"path\": \"0001000100050001\", \"url_path\": \"/home/blog/we-moved/\", \"expired\": false, \"slug\": \"we-moved\", \"locked\": false, \"pk\": 16, \"author\": \"Tino Testuser\", \"depth\": 4, \"intro_de\": \"\", \"body_de\": \"[]\", \"first_published_at\": \"2016-04-01T17:30:08.087Z\", \"expire_at\": null}", "user": 1, "page": 16}, "model": "wagtailcore.pagerevision", "pk": 34}, {"fields": {"approved_go_live_at": null, "created_at": "2016-04-01T17:34:46.558Z", "submitted_for_moderation": false, "content_json": "{\"title_de\": \"\", \"seo_title\": \"\", \"owner\": 1, \"latest_revision_created_at\": \"2016-04-01T17:34:09.396Z\", \"subtitle_en\": \"Lorem ipsum dolor sit amet, consectetur adipiscing elit. Phasellus quis lectus metus, at posuere neque. Sed pharetra nibh eget orci convallis at posuere leo convallis. Sed blandit augue vitae augue scelerisque bibendum. Vivamus sit amet libero turpis, non\", \"go_live_at\": null, \"title\": \"We moved\", \"search_description\": \"\", \"intro_en\": \"<p>Lorem ipsum dolor sit amet, consectetur adipiscing elit. Phasellus quis lectus metus, at posuere neque. Sed pharetra nibh eget orci convallis at posuere leo convallis. Sed blandit augue vitae augue scelerisque bibendum. Vivamus sit amet libero turpis, non venenatis urna. In blandit, odio convallis suscipit venenatis, ante ipsum cursus augue.</p><p><br/></p>\", \"live\": true, \"has_unpublished_changes\": false, \"body_en\": \"[{\\\"type\\\": \\\"paragraph\\\", \\\"value\\\": \\\"<p>Lorem ipsum dolor sit amet, consectetur adipiscing elit. Phasellus quis lectus metus, at posuere neque. Sed pharetra nibh eget orci convallis at posuere leo convallis. Sed blandit augue vitae augue scelerisque bibendum. Vivamus sit amet libero turpis, non venenatis urna. In blandit, odio convallis suscipit venenatis, ante ipsum cursus augue.\\\\u00a0Lorem ipsum dolor sit amet, consectetur adipiscing elit. Phasellus quis lectus metus, at posuere neque. Sed pharetra nibh eget orci convallis at posuere leo convallis. Sed blandit augue vitae augue scelerisque bibendum. Vivamus sit amet libero turpis, non venenatis urna. In blandit, odio convallis suscipit venenatis, ante ipsum cursus augue.</p><p><br/></p><p><p>Lorem ipsum dolor sit amet, consectetur adipiscing elit. Phasellus quis lectus metus, at posuere neque. Sed pharetra nibh eget orci convallis at posuere leo convallis. Sed blandit augue vitae augue scelerisque bibendum. Vivamus sit amet libero turpis, non venenatis urna. In blandit, odio convallis suscipit venenatis, ante ipsum cursus augue.</p><p><br/></p></p><p><br/></p><p><br/></p>\\\"}, {\\\"type\\\": \\\"image\\\", \\\"value\\\": 13}, {\\\"type\\\": \\\"heading\\\", \\\"value\\\": \\\"How it started\\\"}, {\\\"type\\\": \\\"paragraph\\\", \\\"value\\\": \\\"<p>Lorem ipsum dolor sit amet, consectetur adipiscing elit. Phasellus quis lectus metus, at posuere neque. Sed pharetra nibh eget orci convallis at posuere leo convallis. Sed blandit augue vitae augue scelerisque bibendum. Vivamus sit amet libero turpis, non venenatis urna. In blandit, odio convallis suscipit venenatis, ante ipsum cursus augue.</p><p><br/></p><p></p><p>Lorem ipsum dolor sit amet, consectetur adipiscing elit. Phasellus quis lectus metus, at posuere neque. Sed pharetra nibh eget orci convallis at posuere leo convallis. Sed blandit augue vitae augue scelerisque bibendum. Vivamus sit amet libero turpis, non venenatis urna. In blandit, odio convallis suscipit venenatis, ante ipsum cursus augue.</p><p><br/></p><p>Lorem ipsum dolor sit amet, consectetur adipiscing elit. Phasellus quis lectus metus, at posuere neque. Sed pharetra nibh eget orci convallis at posuere leo convallis. Sed blandit augue vitae augue scelerisque bibendum. Vivamus sit amet libero turpis, non venenatis urna. In blandit, odio convallis suscipit venenatis, ante ipsum cursus augue.Lorem ipsum dolor sit amet, consectetur adipiscing elit. Phasellus quis lectus metus, at posuere neque. Sed pharetra nibh eget orci convallis at posuere leo convallis. Sed blandit augue vitae augue scelerisque bibendum. Vivamus sit amet libero turpis, non venenatis urna. In blandit, odio convallis suscipit venenatis, ante ipsum cursus augue.</p><p><br/></p><p><br/></p><p></p><p><br/></p>\\\"}]\", \"numchild\": 0, \"title_en\": \"We moved to our new office\", \"subtitle_de\": \"\", \"content_type\": 34, \"show_in_menus\": false, \"date\": \"2016-04-01\", \"path\": \"0001000100050001\", \"url_path\": \"/home/blog/we-moved/\", \"expired\": false, \"slug\": \"we-moved\", \"locked\": false, \"pk\": 16, \"author\": \"Tino Testuser\", \"depth\": 4, \"intro_de\": \"\", \"body_de\": \"[]\", \"first_published_at\": \"2016-04-01T17:30:08.087Z\", \"expire_at\": null}", "user": 1, "page": 16}, "model": "wagtailcore.pagerevision", "pk": 35}, {"fields": {"approved_go_live_at": null, "created_at": "2016-04-01T17:35:33.176Z", "submitted_for_moderation": false, "content_json": "{\"title_de\": \"\", \"seo_title\": \"\", \"owner\": 1, \"latest_revision_created_at\": \"2016-04-01T17:34:46.558Z\", \"subtitle_en\": \"Lorem ipsum dolor sit amet, consectetur adipiscing elit. Phasellus quis lectus metus, at posuere neque. Sed pharetra nibh eget orci convallis at posuere leo convallis. Sed blandit augue vitae augue scelerisque bibendum. Vivamus sit amet libero turpis, non\", \"go_live_at\": null, \"title\": \"We moved\", \"search_description\": \"\", \"intro_en\": \"<p>Lorem ipsum dolor sit amet, consectetur adipiscing elit. Phasellus quis lectus metus, at posuere neque. Sed pharetra nibh eget orci convallis at posuere leo convallis. Sed blandit augue vitae augue scelerisque bibendum. Vivamus sit amet libero turpis, non venenatis urna. In blandit, odio convallis suscipit venenatis, ante ipsum cursus augue.</p><p><br/></p>\", \"live\": true, \"has_unpublished_changes\": false, \"body_en\": \"[{\\\"type\\\": \\\"image\\\", \\\"value\\\": 12}, {\\\"type\\\": \\\"paragraph\\\", \\\"value\\\": \\\"<p>Lorem ipsum dolor sit amet, consectetur adipiscing elit. Phasellus quis lectus metus, at posuere neque. Sed pharetra nibh eget orci convallis at posuere leo convallis. Sed blandit augue vitae augue scelerisque bibendum. Vivamus sit amet libero turpis, non venenatis urna. In blandit, odio convallis suscipit venenatis, ante ipsum cursus augue.\\\\u00a0Lorem ipsum dolor sit amet, consectetur adipiscing elit. Phasellus quis lectus metus, at posuere neque. Sed pharetra nibh eget orci convallis at posuere leo convallis. Sed blandit augue vitae augue scelerisque bibendum. Vivamus sit amet libero turpis, non venenatis urna. In blandit, odio convallis suscipit venenatis, ante ipsum cursus augue.</p><p><br/></p><p></p><p>Lorem ipsum dolor sit amet, consectetur adipiscing elit. Phasellus quis lectus metus, at posuere neque. Sed pharetra nibh eget orci convallis at posuere leo convallis. Sed blandit augue vitae augue scelerisque bibendum. Vivamus sit amet libero turpis, non venenatis urna. In blandit, odio convallis suscipit venenatis, ante ipsum cursus augue.</p><p><br/></p><p></p><p><br/></p><p><br/></p>\\\"}, {\\\"type\\\": \\\"image\\\", \\\"value\\\": 13}, {\\\"type\\\": \\\"heading\\\", \\\"value\\\": \\\"How it started\\\"}, {\\\"type\\\": \\\"paragraph\\\", \\\"value\\\": \\\"<p>Lorem ipsum dolor sit amet, consectetur adipiscing elit. Phasellus quis lectus metus, at posuere neque. Sed pharetra nibh eget orci convallis at posuere leo convallis. Sed blandit augue vitae augue scelerisque bibendum. Vivamus sit amet libero turpis, non venenatis urna. In blandit, odio convallis suscipit venenatis, ante ipsum cursus augue.</p><p><br/></p><p></p><p>Lorem ipsum dolor sit amet, consectetur adipiscing elit. Phasellus quis lectus metus, at posuere neque. Sed pharetra nibh eget orci convallis at posuere leo convallis. Sed blandit augue vitae augue scelerisque bibendum. Vivamus sit amet libero turpis, non venenatis urna. In blandit, odio convallis suscipit venenatis, ante ipsum cursus augue.</p><p><br/></p><p>Lorem ipsum dolor sit amet, consectetur adipiscing elit. Phasellus quis lectus metus, at posuere neque. Sed pharetra nibh eget orci convallis at posuere leo convallis. Sed blandit augue vitae augue scelerisque bibendum. Vivamus sit amet libero turpis, non venenatis urna. In blandit, odio convallis suscipit venenatis, ante ipsum cursus augue.Lorem ipsum dolor sit amet, consectetur adipiscing elit. Phasellus quis lectus metus, at posuere neque. Sed pharetra nibh eget orci convallis at posuere leo convallis. Sed blandit augue vitae augue scelerisque bibendum. Vivamus sit amet libero turpis, non venenatis urna. In blandit, odio convallis suscipit venenatis, ante ipsum cursus augue.</p><p><br/></p><p><br/></p><p></p><p><br/></p>\\\"}]\", \"numchild\": 0, \"title_en\": \"We moved to our new office\", \"subtitle_de\": \"\", \"content_type\": 34, \"show_in_menus\": false, \"date\": \"2016-04-01\", \"path\": \"0001000100050001\", \"url_path\": \"/home/blog/we-moved/\", \"expired\": false, \"slug\": \"we-moved\", \"locked\": false, \"pk\": 16, \"author\": \"Tino Testuser\", \"depth\": 4, \"intro_de\": \"\", \"body_de\": \"[]\", \"first_published_at\": \"2016-04-01T17:30:08.087Z\", \"expire_at\": null}", "user": 1, "page": 16}, "model": "wagtailcore.pagerevision", "pk": 36}, {"fields": {"approved_go_live_at": null, "created_at": "2016-04-01T17:43:25.003Z", "submitted_for_moderation": false, "content_json": "{\"title_de\": \"\", \"search_description\": \"\", \"owner\": 1, \"latest_revision_created_at\": \"2016-04-01T17:35:33.176Z\", \"subtitle_en\": \"Lorem ipsum dolor sit amet, consectetur adipiscing elit. Phasellus quis lectus metus, at posuere neque. Sed pharetra nibh eget orci convallis at posuere leo convallis. Sed blandit augue vitae augue scelerisque bibendum. Vivamus sit amet libero turpis, non\", \"go_live_at\": null, \"title\": \"We moved 2\", \"seo_title\": \"\", \"slug\": \"we-moved-2\", \"intro_en\": \"<p>Lorem ipsum dolor sit amet, consectetur adipiscing elit. Phasellus quis lectus metus, at posuere neque. Sed pharetra nibh eget orci convallis at posuere leo convallis. Sed blandit augue vitae augue scelerisque bibendum. Vivamus sit amet libero turpis, non venenatis urna. In blandit, odio convallis suscipit venenatis, ante ipsum cursus augue.</p><p><br/></p>\", \"live\": true, \"has_unpublished_changes\": false, \"body_en\": \"[{\\\"type\\\": \\\"image\\\", \\\"value\\\": 12}, {\\\"type\\\": \\\"paragraph\\\", \\\"value\\\": \\\"<p>Lorem ipsum dolor sit amet, consectetur adipiscing elit. Phasellus quis lectus metus, at posuere neque. Sed pharetra nibh eget orci convallis at posuere leo convallis. Sed blandit augue vitae augue scelerisque bibendum. Vivamus sit amet libero turpis, non venenatis urna. In blandit, odio convallis suscipit venenatis, ante ipsum cursus augue.\\\\u00a0Lorem ipsum dolor sit amet, consectetur adipiscing elit. Phasellus quis lectus metus, at posuere neque. Sed pharetra nibh eget orci convallis at posuere leo convallis. Sed blandit augue vitae augue scelerisque bibendum. Vivamus sit amet libero turpis, non venenatis urna. In blandit, odio convallis suscipit venenatis, ante ipsum cursus augue.</p><p><br/></p><p></p><p>Lorem ipsum dolor sit amet, consectetur adipiscing elit. Phasellus quis lectus metus, at posuere neque. Sed pharetra nibh eget orci convallis at posuere leo convallis. Sed blandit augue vitae augue scelerisque bibendum. Vivamus sit amet libero turpis, non venenatis urna. In blandit, odio convallis suscipit venenatis, ante ipsum cursus augue.</p><p><br/></p><p></p><p><br/></p><p><br/></p>\\\"}, {\\\"type\\\": \\\"image\\\", \\\"value\\\": 13}, {\\\"type\\\": \\\"heading\\\", \\\"value\\\": \\\"How it started\\\"}, {\\\"type\\\": \\\"paragraph\\\", \\\"value\\\": \\\"<p>Lorem ipsum dolor sit amet, consectetur adipiscing elit. Phasellus quis lectus metus, at posuere neque. Sed pharetra nibh eget orci convallis at posuere leo convallis. Sed blandit augue vitae augue scelerisque bibendum. Vivamus sit amet libero turpis, non venenatis urna. In blandit, odio convallis suscipit venenatis, ante ipsum cursus augue.</p><p><br/></p><p></p><p>Lorem ipsum dolor sit amet, consectetur adipiscing elit. Phasellus quis lectus metus, at posuere neque. Sed pharetra nibh eget orci convallis at posuere leo convallis. Sed blandit augue vitae augue scelerisque bibendum. Vivamus sit amet libero turpis, non venenatis urna. In blandit, odio convallis suscipit venenatis, ante ipsum cursus augue.</p><p><br/></p><p>Lorem ipsum dolor sit amet, consectetur adipiscing elit. Phasellus quis lectus metus, at posuere neque. Sed pharetra nibh eget orci convallis at posuere leo convallis. Sed blandit augue vitae augue scelerisque bibendum. Vivamus sit amet libero turpis, non venenatis urna. In blandit, odio convallis suscipit venenatis, ante ipsum cursus augue.Lorem ipsum dolor sit amet, consectetur adipiscing elit. Phasellus quis lectus metus, at posuere neque. Sed pharetra nibh eget orci convallis at posuere leo convallis. Sed blandit augue vitae augue scelerisque bibendum. Vivamus sit amet libero turpis, non venenatis urna. In blandit, odio convallis suscipit venenatis, ante ipsum cursus augue.</p><p><br/></p><p><br/></p><p></p><p><br/></p>\\\"}]\", \"numchild\": 0, \"title_en\": \"We moved to our new office\", \"subtitle_de\": \"\", \"content_type\": 34, \"show_in_menus\": false, \"date\": \"2016-04-01\", \"path\": \"0001000100050002\", \"url_path\": \"/home/blog/we-moved-2/\", \"expired\": false, \"pk\": 16, \"locked\": false, \"author\": \"Tino Testuser\", \"depth\": 4, \"intro_de\": \"\", \"body_de\": \"[]\", \"first_published_at\": \"2016-04-01T17:30:08.087Z\", \"expire_at\": null}", "user": 1, "page": 16}, "model": "wagtailcore.pagerevision", "pk": 37}, {"fields": {"group": 1, "page": 1, "permission_type": "add"}, "model": "wagtailcore.grouppagepermission", "pk": 1}, {"fields": {"group": 1, "page": 1, "permission_type": "edit"}, "model": "wagtailcore.grouppagepermission", "pk": 2}, {"fields": {"group": 1, "page": 1, "permission_type": "publish"}, "model": "wagtailcore.grouppagepermission", "pk": 3}, {"fields": {"group": 2, "page": 1, "permission_type": "add"}, "model": "wagtailcore.grouppagepermission", "pk": 4}, {"fields": {"group": 2, "page": 1, "permission_type": "edit"}, "model": "wagtailcore.grouppagepermission", "pk": 5}, {"fields": {"group": 1, "page": 1, "permission_type": "lock"}, "model": "wagtailcore.grouppagepermission", "pk": 6}, {"fields": {"focal_point_width": null, "title": "Advocate Europe", "focal_point_height": null, "created_at": "2016-04-01T16:51:07.538Z", "focal_point_x": null, "focal_point_y": null, "height": 458, "width": 748, "file": "original_images/advocate_europe.png", "file_size": null, "uploaded_by_user": 1}, "model": "wagtailimages.image", "pk": 1}, {"fields": {"focal_point_width": null, "title": "meinBerlin", "focal_point_height": null, "created_at": "2016-04-01T16:54:41.342Z", "focal_point_x": null, "focal_point_y": null, "height": 620, "width": 1070, "file": "original_images/mein_berlin.png", "file_size": null, "uploaded_by_user": 1}, "model": "wagtailimages.image", "pk": 2}, {"fields": {"focal_point_width": null, "title": "Tempelhofer Feld", "focal_point_height": null, "created_at": "2016-04-01T16:57:26.256Z", "focal_point_x": null, "focal_point_y": null, "height": 202, "width": 374, "file": "original_images/tempelhofer_feld.png", "file_size": null, "uploaded_by_user": 1}, "model": "wagtailimages.image", "pk": 3}, {"fields": {"focal_point_width": 567, "title": "Digital Leben", "focal_point_height": 318, "created_at": "2016-04-01T16:59:41.589Z", "focal_point_x": 544, "focal_point_y": 323, "height": 620, "width": 1070, "file": "original_images/digital_leben.png", "file_size": 50245, "uploaded_by_user": 1}, "model": "wagtailimages.image", "pk": 4}, {"fields": {"focal_point_width": null, "title": "Policy Compass", "focal_point_height": null, "created_at": "2016-04-01T17:02:26.177Z", "focal_point_x": null, "focal_point_y": null, "height": 229, "width": 374, "file": "original_images/policy_compass.jpg", "file_size": null, "uploaded_by_user": 1}, "model": "wagtailimages.image", "pk": 5}, {"fields": {"focal_point_width": null, "title": "Adhocracy", "focal_point_height": null, "created_at": "2016-04-01T17:05:27.016Z", "focal_point_x": null, "focal_point_y": null, "height": 620, "width": 1070, "file": "original_images/a2.jpg", "file_size": null, "uploaded_by_user": 1}, "model": "wagtailimages.image", "pk": 6}, {"fields": {"focal_point_width": null, "title": "Forschen", "focal_point_height": null, "created_at": "2016-04-01T17:08:30.258Z", "focal_point_x": null, "focal_point_y": null, "height": 300, "width": 450, "file": "original_images/forschen.png", "file_size": null, "uploaded_by_user": 1}, "model": "wagtailimages.image", "pk": 7}, {"fields": {"focal_point_width": null, "title": "We develop free software", "focal_point_height": null, "created_at": "2016-04-01T17:09:22.048Z", "focal_point_x": null, "focal_point_y": null, "height": 300, "width": 450, "file": "original_images/software.png", "file_size": null, "uploaded_by_user": 1}, "model": "wagtailimages.image", "pk": 8}, {"fields": {"focal_point_width": null, "title": "Platform", "focal_point_height": null, "created_at": "2016-04-01T17:10:01.304Z", "focal_point_x": null, "focal_point_y": null, "height": 300, "width": 450, "file": "original_images/platform.png", "file_size": null, "uploaded_by_user": 1}, "model": "wagtailimages.image", "pk": 9}, {"fields": {"focal_point_width": null, "title": "01", "focal_point_height": null, "created_at": "2016-04-01T17:14:36.940Z", "focal_point_x": null, "focal_point_y": null, "height": 900, "width": 1200, "file": "original_images/Liqd_01.jpg", "file_size": null, "uploaded_by_user": 1}, "model": "wagtailimages.image", "pk": 10}, {"fields": {"focal_point_width": null, "title": "02", "focal_point_height": null, "created_at": "2016-04-01T17:14:50.910Z", "focal_point_x": null, "focal_point_y": null, "height": 900, "width": 1200, "file": "original_images/Liqd_02.jpg", "file_size": null, "uploaded_by_user": 1}, "model": "wagtailimages.image", "pk": 11}, {"fields": {"focal_point_width": null, "title": "03", "focal_point_height": null, "created_at": "2016-04-01T17:15:07.248Z", "focal_point_x": null, "focal_point_y": null, "height": 459, "width": 612, "file": "original_images/Liqd_03.jpg", "file_size": null, "uploaded_by_user": 1}, "model": "wagtailimages.image", "pk": 12}, {"fields": {"focal_point_width": null, "title": "04", "focal_point_height": null, "created_at": "2016-04-01T17:15:21.369Z", "focal_point_x": null, "focal_point_y": null, "height": 900, "width": 1200, "file": "original_images/Liqd_04.jpg", "file_size": null, "uploaded_by_user": 1}, "model": "wagtailimages.image", "pk": 13}, {"fields": {"title_de": "", "title_en": "We innovate democracy by developing digital tools for citizen participation.", "intro_en": "<p>Democratic decision-making can be improved in many different fields of society. Our mission is to promote the advantages of online participation in all kinds of contexts, from international organisations to small local initiatives.</p>", "intro_de": "", "body_de": "[]", "body_en": "[{\"type\": \"ThreeImageLinks\", \"value\": {\"image_left\": {\"image\": 7, \"internal_link\": null, \"link_text\": \"We do research within a network of academics and practitioners\", \"external_url\": \"https://fold.liqd.net/\"}, \"image_middle\": {\"image\": 8, \"internal_link\": 3, \"link_text\": \"We develop free software\", \"external_url\": \"\"}, \"image_right\": {\"image\": 9, \"internal_link\": 3, \"link_text\": \"We turn our theory into practice\", \"external_url\": \"\"}}}, {\"type\": \"quote_paragraph\", \"value\": {\"color\": \"green\", \"text\": \"<p>\\u00bbLiquid Democracy is not dogmatic. Our iterative approach to developing methods and tools allows for innovation and is open and applicable to existing structures.\\u00ab\\u2028</p>\", \"image\": null, \"author\": \"DANIEL REICHERT, FOUNDER\"}}, {\"type\": \"standard_paragraph\", \"value\": {\"headline\": \"About us\", \"text\": \"<p>We are a non-party, non-profit association based in Berlin. We like to describe ourselves as a think &amp; do tank. Since 2009, we have been working on innovative concepts and methods for citizen participation. The key element of our work is the development of Adhocracy, a free software which serves as a digital participation tool. It offers various functions for the different needs of our users. In addition, we are developing Thentos, an identity management system which ensures privacy during complex participation processes.</p><p>We cooperate with a wide range of institutions: from political parties to small initiatives, municipalities and federal institutions, international organisations and local initiatives.</p><p>Liquid Democracy is also an innovative concept of participatory democracy. Participation is a key to individual empowerment and active citizenship. Our work is based on the belief that democracy in its current state should be more dynamic and allow for more participation. The fix elements and structures of representative democracy should thus be \\u00bbliquefied\\u00ab.</p><p>As a method, Liquid Democracy uses digital technology to integrate individuals in decision-making. The design of our technology ensures a low-threshold and efficient participation that is time and place independent.</p>\"}}]"}, "model": "core.joinuspage", "pk": 11}, {"fields": {"title_de": "", "title_en": "Would you like to work with us?", "intro_en": "<p>We are a small team of individuals who come from various backgrounds: software development, political science and interface design, to name a few. We are literally growing with our tasks and currently recruiting.</p><p><br/></p><p>Here's why joining us could be a good idea.</p>", "intro_de": "", "body_de": "[]", "body_en": "[{\"type\": \"image_slider\", \"value\": [10, 11, 12, 13]}, {\"type\": \"columns\", \"value\": {\"col1_text\": \"<p>It is part of our day-to-day tasks to innovate democratic decision-making processes and thus make significant changes for the citizens and institutions we work for. We are a team of pragmatic idealists who believe in the positive effects of their work.</p>\", \"col2_text\": \"<p>We are a team of highly competent individuals, each one is an expert in their own field. This implies that we all have an active role in the implementation of our projects and that everyone's respected for their skills. We are growing fast and thus need people who are willing to take resonsibility.</p>\", \"col2_headline\": \"You will take responsibility\", \"col1_headline\": \"You will make a change\"}}, {\"type\": \"columns\", \"value\": {\"col1_text\": \"<p>We could not promote the idea of Liquid Democracy if we did not have high demands of our own internal democratic structures. We believe that the outcome of a decision is simply better when more people can bring in their perspectives. Thus, we are not only willing to hear your opinion on our strategy, but we would also like you to bring in new ideas.</p>\", \"col2_text\": \"<p>We believe that everyone will achieve better results if we truly respect each other, maintain a friendly and familiar atmosphere between our co-workers and a culture of transparency and fairness. In addition to a fair salary you will receive technical equipment which will help you reach the best results comfortably and efficiently.</p>\", \"col2_headline\": \"Fairness is important to us\", \"col1_headline\": \"Your voice will count\"}}, {\"type\": \"linkbox\", \"value\": {\"headline\": \"Job vacancies\", \"text\": \"\", \"links\": [{\"internal_link\": 13, \"link_text\": \"Student Job\"}]}}]"}, "model": "core.joinuspage", "pk": 12}, {"fields": {"title_de": "", "heading2_de": "", "heading1_de": "", "heading1_en": "Hi, we are", "title_en": "title", "intro_en": "<p>Lorem ipsum dolor sit amet, consectetur adipiscing elit. Phasellus quis lectus metus, at posuere neque. Sed pharetra nibh eget orci convallis at posuere leo convallis. Sed blandit augue vitae augue scelerisque bibendum. Vivamus sit amet libero turpis, non venenatis urna. In blandit, odio convallis suscipit venenatis, ante ipsum cursus augue.</p>", "intro_de": "", "body_de": "[]", "heading2_en": "Liquid Democracy", "body_en": "[{\"type\": \"project_teaser\", \"value\": {\"translated_shorttext\": \"<p>We have implemented the Europe-wide idea challenge Advocate Europe in cooperation with Stiftung Mercator.<br/></p>\", \"translated_title\": \"Advocate Europe\", \"image\": 1, \"internal_link\": 5, \"external_url\": \"https://advocate-europe.eu/en\"}}]"}, "model": "core.homepage", "pk": 3}, {"fields": {"title_de": "", "title_en": "Werkstudent*in Assistenz der Projektleitung (15-20 h/Woche)", "body_en": "<p>Werde Teil unseres Projektmanagement-Teams und arbeite mit uns an innovativen Projekten f\u00fcr eine Demokratie des 21. Jahrhunderts!</p><h2>Wir \u00fcber uns</h2><p>Der Liquid Democracy e.V. ist ein gemeinn\u00fctziger Verein mit Sitz in Berlin. Unsere Leitidee besteht darin, die M\u00f6glichkeiten digitaler Technologien zu nutzen, um Entscheidungsprozesse partizipativer, demokratischer und transparenter zu gestalten. Seit 2009 entwickeln wir daher die freie Software Adhocracy, mittels derer wir digitale B\u00fcrgerbeteiligung in den verschiedensten gesellschaftlichen und organisatorischen Kontexten erm\u00f6glichen. Wir arbeiten gemeinsam mit Kunden und Partnern aus Politik, \u00f6ffentlicher Verwaltung und zivilgesellschaftlichen Organisationen. Zudem betreiben und f\u00f6rdern wir Forschung im Bereich der E-Partizipation</p><h2>Du bist</h2><ul><li>im fortgeschrittenen Bachelor- oder Masterstudium eines sozial-, geisteswissenschaftlichen oder \u00e4hnlichen Fachs</li><li>interessiert an gemeinn\u00fctzigen Projekten, Freier Software und partizipativer Demokratie</li><li>sicher im Umgang mit g\u00e4ngigen Office-Programmen</li><li>ein Organisationstalent</li><li>in der Lage, sicher auf deutsch und englisch zu kommunizieren, sowohl in Sprache als auch in Schrift</li><li>motiviert, lernf\u00e4hig und in hohem Ma\u00dfe selbst\u00e4ndig in Deiner Arbeit</li><li>erste Erfahrungen im Projektmanagement und/oder mit SCRUM sind von Vorteil.</li></ul><h2>Deine Aufgaben</h2><ul><li>Unterst\u00fctzung der Projektleitung, unter anderem bei:<ul><li>Planung, Koordination und Organisation von mittleren und gro\u00dfen Projekten</li><li>Konzeption von Anforderungsworkshops und Kundenpr\u00e4sentationen</li></ul></li><li>administrative und konzeptionelle Unterst\u00fctzung des Projektteams</li><li>eigenst\u00e4ndiges und verantwortliches Arbeiten im Team</li></ul><h2>Deine M\u00f6glichkeiten mit uns</h2><p>Wir bieten Dir flexible Arbeitszeiten bei einer Entlohnung von 10,98\u20ac/h. Die Stelle ist ab sofort zu besetzen.</p><p>Schicke uns Deine Bewerbung mit fr\u00fchestm\u00f6glichem Arbeitsbeginn ohne Bewerbungsbild an:\u00a0<a href=\"mailto:application@liqd.de\">application@liqd.de</a></p>", "body_de": ""}, "model": "core.textpage", "pk": 13}, {"fields": {"title_de": "", "author": "Tino Testuser", "title_en": "We moved to our new office", "intro_en": "<p>Lorem ipsum dolor sit amet, consectetur adipiscing elit. Phasellus quis lectus metus, at posuere neque. Sed pharetra nibh eget orci convallis at posuere leo convallis. Sed blandit augue vitae augue scelerisque bibendum. Vivamus sit amet libero turpis, non venenatis urna. In blandit, odio convallis suscipit venenatis, ante ipsum cursus augue.</p><p><br/></p>", "subtitle_de": "", "intro_de": "", "body_de": "[]", "date": "2016-04-01", "subtitle_en": "Lorem ipsum dolor sit amet, consectetur adipiscing elit. Phasellus quis lectus metus, at posuere neque. Sed pharetra nibh eget orci convallis at posuere leo convallis. Sed blandit augue vitae augue scelerisque bibendum. Vivamus sit amet libero turpis, non", "body_en": "[{\"type\": \"image\", \"value\": 12}, {\"type\": \"paragraph\", \"value\": \"<p>Lorem ipsum dolor sit amet, consectetur adipiscing elit. Phasellus quis lectus metus, at posuere neque. Sed pharetra nibh eget orci convallis at posuere leo convallis. Sed blandit augue vitae augue scelerisque bibendum. Vivamus sit amet libero turpis, non venenatis urna. In blandit, odio convallis suscipit venenatis, ante ipsum cursus augue.\\u00a0Lorem ipsum dolor sit amet, consectetur adipiscing elit. Phasellus quis lectus metus, at posuere neque. Sed pharetra nibh eget orci convallis at posuere leo convallis. Sed blandit augue vitae augue scelerisque bibendum. Vivamus sit amet libero turpis, non venenatis urna. In blandit, odio convallis suscipit venenatis, ante ipsum cursus augue.</p><p><br/></p><p></p><p>Lorem ipsum dolor sit amet, consectetur adipiscing elit. Phasellus quis lectus metus, at posuere neque. Sed pharetra nibh eget orci convallis at posuere leo convallis. Sed blandit augue vitae augue scelerisque bibendum. Vivamus sit amet libero turpis, non venenatis urna. In blandit, odio convallis suscipit venenatis, ante ipsum cursus augue.</p><p><br/></p><p></p><p><br/></p><p><br/></p>\"}, {\"type\": \"image\", \"value\": 13}, {\"type\": \"heading\", \"value\": \"How it started\"}, {\"type\": \"paragraph\", \"value\": \"<p>Lorem ipsum dolor sit amet, consectetur adipiscing elit. Phasellus quis lectus metus, at posuere neque. Sed pharetra nibh eget orci convallis at posuere leo convallis. Sed blandit augue vitae augue scelerisque bibendum. Vivamus sit amet libero turpis, non venenatis urna. In blandit, odio convallis suscipit venenatis, ante ipsum cursus augue.</p><p><br/></p><p></p><p>Lorem ipsum dolor sit amet, consectetur adipiscing elit. Phasellus quis lectus metus, at posuere neque. Sed pharetra nibh eget orci convallis at posuere leo convallis. Sed blandit augue vitae augue scelerisque bibendum. Vivamus sit amet libero turpis, non venenatis urna. In blandit, odio convallis suscipit venenatis, ante ipsum cursus augue.</p><p><br/></p><p>Lorem ipsum dolor sit amet, consectetur adipiscing elit. Phasellus quis lectus metus, at posuere neque. Sed pharetra nibh eget orci convallis at posuere leo convallis. Sed blandit augue vitae augue scelerisque bibendum. Vivamus sit amet libero turpis, non venenatis urna. In blandit, odio convallis suscipit venenatis, ante ipsum cursus augue.Lorem ipsum dolor sit amet, consectetur adipiscing elit. Phasellus quis lectus metus, at posuere neque. Sed pharetra nibh eget orci convallis at posuere leo convallis. Sed blandit augue vitae augue scelerisque bibendum. Vivamus sit amet libero turpis, non venenatis urna. In blandit, odio convallis suscipit venenatis, ante ipsum cursus augue.</p><p><br/></p><p><br/></p><p></p><p><br/></p>\"}]"}, "model": "blog.blogpage", "pk": 15}, {"fields": {"title_de": "", "author": "Tino Testuser", "title_en": "We moved to our new office", "intro_en": "<p>Lorem ipsum dolor sit amet, consectetur adipiscing elit. Phasellus quis lectus metus, at posuere neque. Sed pharetra nibh eget orci convallis at posuere leo convallis. Sed blandit augue vitae augue scelerisque bibendum. Vivamus sit amet libero turpis, non venenatis urna. In blandit, odio convallis suscipit venenatis, ante ipsum cursus augue.</p><p><br/></p>", "subtitle_de": "", "intro_de": "", "body_de": "[]", "date": "2016-04-01", "subtitle_en": "Lorem ipsum dolor sit amet, consectetur adipiscing elit. Phasellus quis lectus metus, at posuere neque. Sed pharetra nibh eget orci convallis at posuere leo convallis. Sed blandit augue vitae augue scelerisque bibendum. Vivamus sit amet libero turpis, non", "body_en": "[{\"type\": \"image\", \"value\": 12}, {\"type\": \"paragraph\", \"value\": \"<p>Lorem ipsum dolor sit amet, consectetur adipiscing elit. Phasellus quis lectus metus, at posuere neque. Sed pharetra nibh eget orci convallis at posuere leo convallis. Sed blandit augue vitae augue scelerisque bibendum. Vivamus sit amet libero turpis, non venenatis urna. In blandit, odio convallis suscipit venenatis, ante ipsum cursus augue.\\u00a0Lorem ipsum dolor sit amet, consectetur adipiscing elit. Phasellus quis lectus metus, at posuere neque. Sed pharetra nibh eget orci convallis at posuere leo convallis. Sed blandit augue vitae augue scelerisque bibendum. Vivamus sit amet libero turpis, non venenatis urna. In blandit, odio convallis suscipit venenatis, ante ipsum cursus augue.</p><p><br/></p><p></p><p>Lorem ipsum dolor sit amet, consectetur adipiscing elit. Phasellus quis lectus metus, at posuere neque. Sed pharetra nibh eget orci convallis at posuere leo convallis. Sed blandit augue vitae augue scelerisque bibendum. Vivamus sit amet libero turpis, non venenatis urna. In blandit, odio convallis suscipit venenatis, ante ipsum cursus augue.</p><p><br/></p><p></p><p><br/></p><p><br/></p>\"}, {\"type\": \"image\", \"value\": 13}, {\"type\": \"heading\", \"value\": \"How it started\"}, {\"type\": \"paragraph\", \"value\": \"<p>Lorem ipsum dolor sit amet, consectetur adipiscing elit. Phasellus quis lectus metus, at posuere neque. Sed pharetra nibh eget orci convallis at posuere leo convallis. Sed blandit augue vitae augue scelerisque bibendum. Vivamus sit amet libero turpis, non venenatis urna. In blandit, odio convallis suscipit venenatis, ante ipsum cursus augue.</p><p><br/></p><p></p><p>Lorem ipsum dolor sit amet, consectetur adipiscing elit. Phasellus quis lectus metus, at posuere neque. Sed pharetra nibh eget orci convallis at posuere leo convallis. Sed blandit augue vitae augue scelerisque bibendum. Vivamus sit amet libero turpis, non venenatis urna. In blandit, odio convallis suscipit venenatis, ante ipsum cursus augue.</p><p><br/></p><p>Lorem ipsum dolor sit amet, consectetur adipiscing elit. Phasellus quis lectus metus, at posuere neque. Sed pharetra nibh eget orci convallis at posuere leo convallis. Sed blandit augue vitae augue scelerisque bibendum. Vivamus sit amet libero turpis, non venenatis urna. In blandit, odio convallis suscipit venenatis, ante ipsum cursus augue.Lorem ipsum dolor sit amet, consectetur adipiscing elit. Phasellus quis lectus metus, at posuere neque. Sed pharetra nibh eget orci convallis at posuere leo convallis. Sed blandit augue vitae augue scelerisque bibendum. Vivamus sit amet libero turpis, non venenatis urna. In blandit, odio convallis suscipit venenatis, ante ipsum cursus augue.</p><p><br/></p><p><br/></p><p></p><p><br/></p>\"}]"}, "model": "blog.blogpage", "pk": 16}, {"fields": {"title_de": "", "title_en": "Blog", "intro_en": "", "intro_de": "", "body_de": "[]", "body_en": "[]"}, "model": "blog.blogindexpage", "pk": 14}, {"fields": {"title_de": "", "image": 1, "title_en": "Advocate Europe", "subtitle_de": "", "body_de": "[]", "shorttext_en": "<p>We have implemented the Europe-wide idea challenge Advocate Europe in cooperation with Stiftung Mercator.<br/></p>", "subtitle_en": "Ideas for Europe", "shorttext_de": "", "body_en": "[]", "external_url": "https://advocate-europe.eu/en"}, "model": "projects.projectpage", "pk": 5}, {"fields": {"title_de": "", "image": 2, "title_en": "meinBerlin", "subtitle_de": "", "body_de": "[]", "shorttext_en": "<p>We are building the platform meinBerlin where the citizens of Berlin can participate in decision-making in their city.</p>", "subtitle_en": "Online-Partizipation for Berlin", "shorttext_de": "", "body_en": "[]", "external_url": "https://mein.berlin.de/"}, "model": "projects.projectpage", "pk": 6}, {"fields": {"title_de": "", "image": 3, "title_en": "Online Participation Tempelhofer Feld", "subtitle_de": "", "body_de": "[]", "shorttext_en": "<p>We have built a discussion platform to help decide about the future of Tempelhofer Feld.<br/></p>", "subtitle_en": "Ideas for the Tempelhofer Feld", "shorttext_de": "", "body_en": "[]", "external_url": "https://tempelhofer-feld.berlin.de/"}, "model": "projects.projectpage", "pk": 7}, {"fields": {"title_de": "", "image": 4, "title_en": "Digital Leben", "subtitle_de": "", "body_de": "[]", "shorttext_en": "<p>We enable collaborative editing of SPD's digital agenda.</p>", "subtitle_en": "Online Participation for the SPD", "shorttext_de": "", "body_en": "[]", "external_url": "http://digitalleben.spd.de/"}, "model": "projects.projectpage", "pk": 8}, {"fields": {"title_de": "", "image": 5, "title_en": "Policy Compass", "subtitle_de": "", "body_de": "[]", "shorttext_en": "<p>Policy Compass</p>", "subtitle_en": "Policy Compass", "shorttext_de": "", "body_en": "[]", "external_url": "http://policycompass.eu/"}, "model": "projects.projectpage", "pk": 9}, {"fields": {"title_de": "", "image": 6, "title_en": "Adhocracy", "subtitle_de": "", "body_de": "[]", "shorttext_en": "<p>Lorem ipsum dolor sit amet, consectetur adipiscing elit. Phasellus quis lectus metus, at posuere neque. Sed pharetra nibh eget orci convallis at posuere leo convallis.\u00a0</p>", "subtitle_en": "Some projects we did in the past", "shorttext_de": "", "body_en": "[]", "external_url": "https://adhocracy.de/instance?instances_facet=instancebadge%3A568"}, "model": "projects.projectpage", "pk": 10}, {"fields": {"title_de": "", "title_en": "Here's what we have done so far.", "intro_en": "<p>A small selection of recent projects<br/></p>", "intro_de": "", "body_de": "[]", "body_en": "[]"}, "model": "projects.projectindexpage", "pk": 4}]